"NAME","ZG3_VALUE","ACTIVE_EZE4_PATH","USERS_CALLERS","SEMANTIC_ROLE","STATIC_EVIDENCE","RUNTIME_DEPENDENCY","CLASS","RECOMMENDED_ACTION"
"SLIDE_ROUTE","SLIDE_ROUTE_FPSIMD","YES","slide_app.c; common.h","Selects FPSIMD stack-copy implementation","ZG3 preprocessor/data-flow; EZE4 struct/Image/config evidence fixes the same value: SLIDE_ROUTE_FPSIMD","None for value derivation; runtime success remains outside static proof","A. STATICALLY_DERIVABLE","Use ZG3 value in an offline draft; retain runtime validation gate"
"SLIDE_KERNEL_PAGE_SETUP_ATTEMPTS","2","YES","slide_app.c; common.h","Limits controlled-page setup attempts for slide stage","Value controls scheduler, allocator, reclaim, timing, or attempt policy; static code supplies no success distribution","Requires future observation of success/failure and timing/allocation stability on EZE4; no exploit procedure specified","C. GENUINELY_RUNTIME_DEPENDENT","Measure under a separately authorized runtime-validation plan"
"FOPS_KERNEL_PAGE_SETUP_ATTEMPTS","2","YES","slide_app.c; common.h","Limits controlled-page setup attempts for fops stage","Value controls scheduler, allocator, reclaim, timing, or attempt policy; static code supplies no success distribution","Requires future observation of success/failure and timing/allocation stability on EZE4; no exploit procedure specified","C. GENUINELY_RUNTIME_DEPENDENT","Measure under a separately authorized runtime-validation plan"
"FOPS_ROUTE_COARSE_DELAY_USEC","50000","YES","slide_app.c; common.h","Coarse scheduler timing delay","Value controls scheduler, allocator, reclaim, timing, or attempt policy; static code supplies no success distribution","Requires future observation of success/failure and timing/allocation stability on EZE4; no exploit procedure specified","C. GENUINELY_RUNTIME_DEPENDENT","Measure under a separately authorized runtime-validation plan"
"FOPS_ROUTE_FINE_DELAY_TICKS","0ULL, 0x10ULL, 0x20ULL, 0x30ULL, 0x40ULL, 0x60ULL, 0x80ULL, 0x18ULL","YES","slide_app.c; common.h","Fine timing sweep in counter ticks","Value controls scheduler, allocator, reclaim, timing, or attempt policy; static code supplies no success distribution","Requires future observation of success/failure and timing/allocation stability on EZE4; no exploit procedure specified","C. GENUINELY_RUNTIME_DEPENDENT","Measure under a separately authorized runtime-validation plan"
"DEFAULT_EXPLOIT_ATTEMPTS","8","YES","preload.c supervisor","Supervisor child-attempt cap","Value controls scheduler, allocator, reclaim, timing, or attempt policy; static code supplies no success distribution","Requires future observation of success/failure and timing/allocation stability on EZE4; no exploit procedure specified","C. GENUINELY_RUNTIME_DEPENDENT","Measure under a separately authorized runtime-validation plan"
"DEFAULT_ATTEMPT_TIMEOUT_SEC","2200","YES","preload.c supervisor","General child timeout","Value controls scheduler, allocator, reclaim, timing, or attempt policy; static code supplies no success distribution","Requires future observation of success/failure and timing/allocation stability on EZE4; no exploit procedure specified","C. GENUINELY_RUNTIME_DEPENDENT","Measure under a separately authorized runtime-validation plan"
"DEFAULT_P0_ATTEMPT_TIMEOUT_SEC","1200","YES","preload.c supervisor","Pre-slide child timeout","Value controls scheduler, allocator, reclaim, timing, or attempt policy; static code supplies no success distribution","Requires future observation of success/failure and timing/allocation stability on EZE4; no exploit procedure specified","C. GENUINELY_RUNTIME_DEPENDENT","Measure under a separately authorized runtime-validation plan"
"P0_ORACLE_GATE_SLOT","0","YES","slide_app.c; oracle.c; fops.c","Selects bank slot for gate corruption","ZG3 preprocessor/data-flow; EZE4 struct/Image/config evidence fixes the same value: 0","None for value derivation; runtime success remains outside static proof","A. STATICALLY_DERIVABLE","Use ZG3 value in an offline draft; retain runtime validation gate"
"P0_ORACLE_PROBE_SLOT","1","YES","slide_app.c; oracle.c; fops.c","Selects bank slot for probe corruption","ZG3 preprocessor/data-flow; EZE4 struct/Image/config evidence fixes the same value: 1","None for value derivation; runtime success remains outside static proof","A. STATICALLY_DERIVABLE","Use ZG3 value in an offline draft; retain runtime validation gate"
"P0_ORACLE_GATE_RESTORE_SLOT","2","YES","slide_app.c; oracle.c; fops.c","Selects bank slot for gate restoration","ZG3 preprocessor/data-flow; EZE4 struct/Image/config evidence fixes the same value: 2","None for value derivation; runtime success remains outside static proof","A. STATICALLY_DERIVABLE","Use ZG3 value in an offline draft; retain runtime validation gate"
"P0_ORACLE_PROBE_RESTORE_SLOT","3","YES","slide_app.c; oracle.c; fops.c","Selects bank slot for probe restoration","ZG3 preprocessor/data-flow; EZE4 struct/Image/config evidence fixes the same value: 3","None for value derivation; runtime success remains outside static proof","A. STATICALLY_DERIVABLE","Use ZG3 value in an offline draft; retain runtime validation gate"
"P0_ORACLE_GATE_PAGE_OFF","0x0e80","YES","slide_app.c; oracle.c; fops.c","Offset of gate object in controlled page","ZG3 preprocessor/data-flow; EZE4 struct/Image/config evidence fixes the same value: 0x0e80","None for value derivation; runtime success remains outside static proof","A. STATICALLY_DERIVABLE","Use ZG3 value in an offline draft; retain runtime validation gate"
"P0_ORACLE_GATE_OBJECT_INDEX","1","YES","slide_app.c; oracle.c; fops.c","Pipe-buffer object index used by gate","ZG3 preprocessor/data-flow; EZE4 struct/Image/config evidence fixes the same value: 1","None for value derivation; runtime success remains outside static proof","A. STATICALLY_DERIVABLE","Use ZG3 value in an offline draft; retain runtime validation gate"
"P0_ORACLE_PROBE_OFFSET","0x1f0000ULL","YES","slide_app.c; oracle.c; fops.c","Physical Image probe displacement and fingerprint geometry bound","ZG3 preprocessor/data-flow; EZE4 struct/Image/config evidence fixes the same value: 0x1f0000ULL","None for value derivation; runtime success remains outside static proof","A. STATICALLY_DERIVABLE","Use ZG3 value in an offline draft; retain runtime validation gate"
"P0_FINGERPRINT_MIN_BEST","5","YES","oracle.c:scan_p0_pipe_oracle","Minimum matching QWORD score","Same code contract and platform family; no EZE4 evidence proves a different value","Operational acceptance policy cannot be proven optimal statically","B. PROBABLY_REUSABLE_FROM_ZG3","Carry provisionally; do not mark confirmed"
"P0_FINGERPRINT_MIN_MARGIN","3","YES","oracle.c:scan_p0_pipe_oracle","Minimum winner/runner-up score gap","Same code contract and platform family; no EZE4 evidence proves a different value","Operational acceptance policy cannot be proven optimal statically","B. PROBABLY_REUSABLE_FROM_ZG3","Carry provisionally; do not mark confirmed"
"SLIDE_MAX_ATTEMPTS","32","NO","slide_app.c !PHYS_P0_ORACLE branch","Legacy non-physical oracle candidate loop cap","Excluded by PHYS_P0_ORACLE=1 or not called by app production entrypoint","None on active PHYS_P0_ORACLE app path","D. LEGACY_OR_INACTIVE_PATH","Omit from active-path readiness; retain only if legacy build support is intentional"
"SLIDE_TRACEFS_EVENT_ID","108","NO","slide.c:slide_tracefs_leak_kernel_base","Tracefs fallback event identifier in non-app slide.c","Excluded by PHYS_P0_ORACLE=1 or not called by app production entrypoint","None on active PHYS_P0_ORACLE app path","D. LEGACY_OR_INACTIVE_PATH","Omit from active-path readiness; retain only if legacy build support is intentional"
"SLIDE_WAIT_NSEC","2000000000L","YES","slide_app.c; common.h","PI wait timeout used to establish stale waiter state","Value controls scheduler, allocator, reclaim, timing, or attempt policy; static code supplies no success distribution","Requires future observation of success/failure and timing/allocation stability on EZE4; no exploit procedure specified","C. GENUINELY_RUNTIME_DEPENDENT","Measure under a separately authorized runtime-validation plan"
"SLIDE_REQUEUE_ARM_USEC","20000","YES","slide_app.c; common.h","Delay before requeue arm","Value controls scheduler, allocator, reclaim, timing, or attempt policy; static code supplies no success distribution","Requires future observation of success/failure and timing/allocation stability on EZE4; no exploit procedure specified","C. GENUINELY_RUNTIME_DEPENDENT","Measure under a separately authorized runtime-validation plan"
"SLIDE_KSNITCH_APPENDED_FUTEXES","2048","YES","page.c; util.c; kernelsnitch helpers","KernelSnitch page-search sample population","Value controls scheduler, allocator, reclaim, timing, or attempt policy; static code supplies no success distribution","Requires future observation of success/failure and timing/allocation stability on EZE4; no exploit procedure specified","C. GENUINELY_RUNTIME_DEPENDENT","Measure under a separately authorized runtime-validation plan"
"SLIDE_KSNITCH_REPEAT_MEASUREMENT","64","YES","page.c; util.c; kernelsnitch helpers","KernelSnitch repeated measurements","Value controls scheduler, allocator, reclaim, timing, or attempt policy; static code supplies no success distribution","Requires future observation of success/failure and timing/allocation stability on EZE4; no exploit procedure specified","C. GENUINELY_RUNTIME_DEPENDENT","Measure under a separately authorized runtime-validation plan"
"SLIDE_KSNITCH_AVERAGE","8","YES","page.c; util.c; kernelsnitch helpers","KernelSnitch averaging factor","Value controls scheduler, allocator, reclaim, timing, or attempt policy; static code supplies no success distribution","Requires future observation of success/failure and timing/allocation stability on EZE4; no exploit procedure specified","C. GENUINELY_RUNTIME_DEPENDENT","Measure under a separately authorized runtime-validation plan"
"SLIDE_KSNITCH_SCREEN_REPEAT","16","YES","page.c; util.c; kernelsnitch helpers","Candidate screening repeats","Value controls scheduler, allocator, reclaim, timing, or attempt policy; static code supplies no success distribution","Requires future observation of success/failure and timing/allocation stability on EZE4; no exploit procedure specified","C. GENUINELY_RUNTIME_DEPENDENT","Measure under a separately authorized runtime-validation plan"
"SLIDE_KSNITCH_SCREEN_AVERAGE","3","YES","page.c; util.c; kernelsnitch helpers","Candidate screening average","Value controls scheduler, allocator, reclaim, timing, or attempt policy; static code supplies no success distribution","Requires future observation of success/failure and timing/allocation stability on EZE4; no exploit procedure specified","C. GENUINELY_RUNTIME_DEPENDENT","Measure under a separately authorized runtime-validation plan"
"SLIDE_BANK_SLOTS","4","YES","slide_app.c; common.h","Number of gate/probe/restore payload bank slots","ZG3 preprocessor/data-flow; EZE4 struct/Image/config evidence fixes the same value: 4","None for value derivation; runtime success remains outside static proof","A. STATICALLY_DERIVABLE","Use ZG3 value in an offline draft; retain runtime validation gate"
"SKB_SEND_SIZE","0x8e80","YES","page.c; pipe.c; fops.c","Socket-buffer allocation/reclaim size","Value controls scheduler, allocator, reclaim, timing, or attempt policy; static code supplies no success distribution","Requires future observation of success/failure and timing/allocation stability on EZE4; no exploit procedure specified","C. GENUINELY_RUNTIME_DEPENDENT","Measure under a separately authorized runtime-validation plan"
"SKB_RECLAIM_SENDS","64","YES","page.c; pipe.c; fops.c","Socket-buffer reclaim spray count","Value controls scheduler, allocator, reclaim, timing, or attempt policy; static code supplies no success distribution","Requires future observation of success/failure and timing/allocation stability on EZE4; no exploit procedure specified","C. GENUINELY_RUNTIME_DEPENDENT","Measure under a separately authorized runtime-validation plan"
"SLIDE_RECLAIM_SENDS","64","YES","slide_app.c; common.h","Slide-stage reclaim send count","Value controls scheduler, allocator, reclaim, timing, or attempt policy; static code supplies no success distribution","Requires future observation of success/failure and timing/allocation stability on EZE4; no exploit procedure specified","C. GENUINELY_RUNTIME_DEPENDENT","Measure under a separately authorized runtime-validation plan"
"ROOT_UMH_PATH","""/data/local/tmp/cve-2026-43499-root""","YES","root.c","Path string consumed by root helper work item","Same code contract and platform family; no EZE4 evidence proves a different value","Filesystem/deployment convention, not kernel ABI","B. PROBABLY_REUSABLE_FROM_ZG3","Carry provisionally; do not mark confirmed"
