slide,image_offset,word_000,word_200,word_400,word_600,word_800,word_a00,word_c00,word_e00
0x000000,0x1f0000,0xf835013fd53cd04a,0xf90002e8f9407a68,0x1a9f07f8ea080129,0x14000006943d8e36,0xaa1503e1aa1603e0,0x340000a84a080128,0xf9000bf5a9bd7bfd,0x0a290108b94102a9
0x004000,0x1ec000,0xa90357f6a9025ff8,0x943d785cb5fff9c8,0x910003fda90157f6,0xf000b5c29407fd1e,0x943d9da2aa1803e1,0xeb09011ff94056a8,0xd503233f17ffffdb,0xf942f108d5384108
0x008000,0x1e8000,0xf90013f5910043fd,0xb90007e812b00008,0x9280043354000069,0xc8dffd299100c109,0x2a1f03e3910003fd,0x910f0000a9067e9f,0xf9400668943dacb6,0xf9408d4c8b090e8b
0x00c000,0x1e4000,0x97fec60052800033,0xf9000bf3a9be7bfd,0xf9800111d503249f,0x52800033b4000108,0xa9be7bfdd503233f,0x35ffff89c809fd02,0xaa0003e1c8dffd00,0x35ffffacc80c7d2d
0x010000,0x1e0000,0xd503201ff82b013f,0xaa1703e2aa1603e0,0x9a8a03e8eb09011f,0xa9067c5f2a0103f5,0x3600006839402a68,0x52800141aa0103e0,0x11000b482a0203f5,0xd50323bfa8c57bfd
0x014000,0x1dc000,0xb400059397ffff8a,0xaa0003f32a0103f5,0x7100215fb940954a,0x94000130b8008408,0xf8488ec8f9000379,0xa94757f6a9484ff4,0xeb0c017ff9402ecc,0xc8dffd29910082c9
0x018000,0x1d8000,0xf9000bf9a9bb7bfd,0xf9444d2990007ce9,0xf9445129f2401c0a,0xaa1403e29107fc21,0xa9be7bfdd503233f,0xaa1703e12a1603e0,0x3941200b91000508,0x91000508f9508e68
0x01c000,0x1d4000,0x97fdc26691240000,0x912e9d0891006289,0xb9400ac89100635a,0xb9400917c8dffec8,0xf940ae79910043eb,0x4b09014a54000dc1,0x3607f4489ac82528,0x912c42b5d2c0003b
0x020000,0x1d0000,0xeb00013fa9402109,0x7101311f394006c8,0xa9034ff4a90257f6,0x12800433910042e8,0xb9400915c8dffd08,0xf00113202a1f03f6,0xf8bfc108f8bfc2c8,0x5280056a54000188
0x024000,0x1cc000,0xd503233fd5184613,0x6b00011fb8696908,0xd0010df737000328,0x0a08016812800000,0x140000069117e294,0xaa1f03e452800023,0x9ad32508f8685928,0x97fcbe325a9f1121
0x028000,0x1c8000,0x36c7fae9f9432929,0xf85f03b51280fff9,0xd503201f3500008b,0x54000241eb08031f,0xeb08031fc8dfff08,0x17ffffdc5280140b,0x51000508b94ad368,0xd5182008d5033fdf
0x02c000,0x1c4000,0xaa0003f354000080,0xd503233f17fffff3,0xd50323bfa8c27bfd,0x94062be82a1f03e1,0x91009280f9401914,0x2a1f03e1f9402680,0xa8c17bfd94000c50,0x0a611d08f942f129
0x030000,0x1c0000,0xf829111f1400003d,0xf0010e36f9428f08,0x2a1f03e0d63f0100,0xd50323bfa8c47bfd,0xf9400100350000e9,0xd65f03c0d50323bf,0x540002017100041f,0xf8e91109aa1403e9
0x034000,0x1bc000,0x97ff65f7f9404816,0x1400002397fd98f6,0xd538410897ff64f8,0x97fffed6aa1303e0,0xf90006953607fd60,0xaa0b03e0c8ebfd42,0xb945b6c8b40001a8,0x4a800d00aa0103f4
0x038000,0x1b8000,0x943e3493d65f03c0,0xf9400af9aa1703e0,0xf8bfc328f8bfc348,0xaa0003e154fffd40,0xf9402288d63f0100,0xa9437bfda9444ff4,0xb9400815a902ffff,0xb40003a8f9402108
0x03c000,0x1b4000,0xf0012009f901752b,0x72a0002a528a300a,0x37000648b9402a6a,0x528847ea9b0a7d08,0x9b0afd2b52801f4a,0x5285a009a94123f4,0x53017c4d2a0303ec,0x540000c0eb13029f
0x040000,0x1b0000,0xf0010ec854000802,0x88dfff689100435b,0xa9017bfdd10183ff,0xf9400d08f9401a88,0xb900126811000508,0x97ffe576b9001308,0xa9412eecd63f0100,0x97fd8469aa1603e0
0x044000,0x1ac000,0xf85f83a9f942f108,0x9a890329720d037f,0xd42aa240d65f03c0,0xaa1403e08b090114,0x8b080009f2baf6ca,0xeb09011ff9400ec9,0x943e9cb5aa1303e0,0xf9400275b40004e8
0x048000,0x1a8000,0xd50323bf910443ff,0xd503233f943e7414,0x1100282a51000828,0x92993fe95400010d,0xd503233fd65f03c0,0xa9402809f81f83a9,0xf9001bf5910083fd,0xd53841089400202a
0x04c000,0x1a4000,0xf000b769f94002c8,0xf9400be5aa1a03e0,0xdac01129f13ffd1f,0xb50000a8f9475ac8,0xaa1303e0b000b161,0x54fffd036b19009f,0xb5000042aa0003e1,0xb90011a89b2b354d
0x050000,0x1a0000,0x91012009d503233f,0xf9400829c8dffd28,0xf940080836000208,0xf940012af9400429,0xd50323bf910143ff,0xd53b4228d65f03c0,0xd50323bf910183ff,0x540002c0b100067f
0x054000,0x19c000,0xb9008a7fb9008e7f,0xa94267faa9435ff8,0xd538d088f0010da9,0xf9403a96aa1403e0,0xaa1403e091220294,0xaa1403e054ffe882,0xf9475d43f9404521,0xf8bfc288f8bfc288
0x058000,0x198000,0x9ad42508f8685928,0xc8dffd28a901ffff,0xb9400be29100c929,0xf00114c8943eee23,0xd503201ff946e2e3,0xf8bfc128f8bfc108,0x1400005239020a9c,0xb94e2f2054000f82
0x05c000,0x194000,0xf9405b42b000b1f6,0x910198219000b481,0x910003fda9016ffc,0x927ef528f9404501,0xeb0802bf91070108,0xb90012c8f1000508,0x540007227100801f,0xaa1f03e2910003e0
0x060000,0x190000,0xf94095088b0802a8,0xb86969089138014a,0xf944c129f9450d08,0xa8c27bfdf9400bf3,0xf240081ff942f108,0xb4000268c8dffd08,0xb5ffede8c8dffee8,0xaa0003e394005e1a
0x064000,0x18c000,0xa9004e7ff940027b,0xd50323bfa8c17bfd,0x941a56a1b94fcad7,0x97ff77c991377400,0xd10032c9d11122c8,0xd5384108aa0003f3,0x9117e2d6b0010e55,0xd4210000d65f03c0
0x068000,0x188000,0xaa1f03e1aa1a03e0,0xa9055ff8910103fd,0xd503233ff8bfc308,0x2a0403f3d5384108,0xf9002bf7910103fd,0xa90557f6910103fd,0x943ef193d65f03c0,0xd50323bf9101c3ff
0x06c000,0x184000,0x52800d025281b801,0x52802488b40004c0,0x910003fda90157f6,0xb4000689f9401d09,0xa9444ff42a1703e0,0x1400003d372001a8,0xa90157f6a9bd7bfd,0xf94026a854000381
0x070000,0x180000,0x17fffffbd4210000,0x321e01083940e008,0x90011580f9000a74,0xa9025ff8910003fd,0xa8c57bfda94167fa,0x910301088b140ec8,0x340000a097ffff4e,0xb40008e0941ab090
0x074000,0x17c000,0xaa1303e252800401,0x2a0003f4a9024ff4,0xd503249fb9000275,0xf9000bf5a9bd7bfd,0x94192fe3aa1303e2,0xd50323bfa8c27bfd,0x912fd0632a0003f5,0xaa1303e252800401
0x078000,0x178000,0xd100c3ffd503233f,0x370000a097fff953,0xb40000e8f9401d08,0xaa1403e22a1503e1,0x54fffe817140811f,0xb4000275d63f0100,0xf9403408a9034ff4,0x52800022aa1603e0
0x07c000,0x174000,0xd65f03c0d50323bf,0xd50339bf54000441,0x2a0003e12a0003f3,0xb4000460941ae290,0x36280088f90007e9,0xb9400108f9402268,0x17ffff84b9008a68,0xaa1f03e12a1703e0
0x080000,0x170000,0x9bab554bb9000314,0xaa2a03f0b940312f,0x9ac92149b9400289,0x910003fda9bf7bfd,0x39400d08f9402008,0x910042d7d5384116,0x943f6a3a9139a000,0x91396000f00115e0
0x084000,0x16c000,0x3607eb1a3707eb3b,0xa900a7e812800001,0x35000100941b162e,0xd503233fd65f03c0,0x9117c8421a890106,0xa9075ff8a90667fa,0x910003fda9014ff4,0xf9400bf397fffb97
0x088000,0x168000,0x3900828852800028,0x97ffccfcaa0103f3,0x940c2dbb2a1403e1,0x94082e45aa1403e0,0x7100051f39770108,0xb940112aaa1503e9,0xf9001be7910083a9,0x9401207654000601
0x08c000,0x164000,0xd37ae508934cfd08,0xd000bae017ffffd0,0x940811612a0003f3,0x2a0803e0f0012169,0x2a0003f594081124,0x528198019000cd08,0x9135e042913f4421,0xaa1f03f472a00048
0x090000,0x160000,0xd503249f17fffff4,0x340004e0b94b6e80,0x911c50212a1f03e0,0xaa1303e252800141,0x910003fda9bf7bfd,0xaa0203e0f942f108,0x94000b089346fd21,0xeb1502dff8420eb6
0x094000,0x15c000,0x9129b0002a1703e2,0x941b57769109b421,0x350000809419732e,0x540000c1eb09011f,0xaa0203e0b000b7a1,0xaa1403e09000b482,0x120179089130a000,0xd503233f943fa114
0x098000,0x158000,0x92400829c8dffd01,0x370010a9f8e90289,0x9104012ac85f7e89,0x3708068bf940010b,0x927d656bd343fd4b,0xaa0a03e0c8ea7d22,0xb27e0022540007a5,0x97ff10ab910003e0
0x09c000,0x154000,0xa9bd7bfdd503233f,0xf8bfc308f8bfc118,0x2a1f03e0a9434ff4,0xf85f02c0f84186c8,0xf84186a8f941a515,0xb5ffff6891006294,0xf9435516aa0103f5,0xf85f02c0f84186c8
0x0a0000,0x150000,0x394052c934000289,0xf9401688f9002280,0xf940011612800000,0xb8bfc14bb8bfc108,0xd53cd04a17ffff9c,0xb9001a7f52800020,0xd503249fd61f0140,0xb828327f52800028
0x0a4000,0x14c000,0xb000b9a1940a7c22,0xf100029f9ad30a82,0xf9402aa3d000b742,0xeb18011f91004108,0x94007749aa1603e0,0x9000b5e1d00111e8,0xaa1303e0910c0c42,0xf9408288940a78a2
0x0a8000,0x148000,0xb4000308f94006e8,0x9408af45aa1603e0,0x9401224991075021,0x940087c9f901657f,0xf9400b489400874a,0xaa1f03e011000508,0x7100057f1a880128,0xd4210000d65f03c0
0x0ac000,0x144000,0xa9054ff4a90457f6,0xd5384108a9074ff4,0xa9054ff4f90023f5,0xc8dffee8aa0003f5,0xaa1303e0d5033bbf,0xaa1503e0f9000109,0xd50323bff2ec3908,0xf85f82602a1f03e2
0x0b0000,0x140000,0x940018d391016100,0xd503201f94002752,0x7100811fb94baa68,0x8b0901089126e129,0x97ff726c54000045,0xf945066836000080,0x941a206d14000003,0x94402285b5fffce8
0x0b4000,0x13c000,0x97ff846caa1303e0,0x2a1f03e2f9458e69,0xb0011408d503201f,0x2a0103f6aa0203f5,0xaa1f03e7aa1f03e6,0xb4000108b9074b29,0xb8418e80f943de94,0xf9000be9d65f03c0
0x0b8000,0x138000,0x52800028f9400be9,0x2a0003f9d0011288,0x8b09014954ffdee2,0x8b0a0108d378dd6b,0x1a9f37edeb16013f,0xf8bfc129f8bfc108,0xeb0a013f8b0a016a,0xa9427bfda9436ffc
0x0bc000,0x134000,0x39774108b0011348,0x927d654af80843eb,0xf9400be8d503249f,0xeb0b013f9acc096b,0xf9001a689a8833e8,0x8b1b018c9b1c7d4d,0xd103a2f854001ba8,0x1a9f07ecf110017f
0x0c0000,0x130000,0xa94367faa9445ff8,0xb0011129f00112d9,0x94090ec5f9407660,0x8b0a0108f900a820,0xd2802459d00112d4,0xd503233fd65f03c0,0x140000022a1f03e0,0x17ffffe1d4210000
0x0c4000,0x12c000,0xc8dffd089125e288,0xa8c17bfd97ffff9e,0x2a0903e1aa0803e0,0x2a1303e9912441ad,0xd503249fd65f03c0,0x9124418c8b0a012b,0xd65f03c0d50323bf,0xa901ffff7100051f
0x0c8000,0x128000,0x9403c354aa1403e0,0xb94022a5910022a2,0xd50323bfa8c37bfd,0x9440ae10aa1803e0,0xb001234cf942f108,0x54000bc8f11ffd5f,0xf11ffd1ff8488ea8,0xaa0403f3d5384108
0x0cc000,0x124000,0x71000eff17ffff10,0xb944226854000041,0xf9404a68540000e1,0x1a8a312971004d3f,0xd65f03c0d50323bf,0x51000d08b9442288,0xda9f31089a8983e9,0xb90007e09416d6a9
0x0d0000,0x120000,0xb00114eab4000109,0x3608008a1a880137,0x9440ce90aa1403e0,0xb8bfc108d42aa240,0x9100a2881400000c,0x1100050888dffea8,0xaa1903e039563288,0xa9484ff4f94033f7
0x0d4000,0x11c000,0x37400198a900ffff,0xa9427bfda9445ff8,0x9404af2c910003fd,0xd65f03c0d50323bf,0xc8dffe882a0003f3,0x7100091f88dffd08,0x54000080eb09011f,0xd65f03c0d50323bf
0x0d8000,0x118000,0x9116800052800061,0xd50323bfa8c17bfd,0x35ffffab880bfd09,0xb94ed551937e7d2e,0x340002609400003b,0x6b0c011f1100058c,0xd503233ff8bfc288,0xb4000155c8dffd15
0x0dc000,0x114000,0x910003fda9bf7bfd,0x97fc4c73aa1303e0,0x910443fda9117bfd,0x540001416b0802bf,0xd50323bfa8c27bfd,0x91303821f000bda1,0x9a880122f000bda1,0xb90007fff90007e8
0x0e0000,0x110000,0x54000341f240053f,0xa9be7bfdd503233f,0xaa1703e1913cd318,0x928004a0d503233f,0x928004a0d503233f,0x928004a0d503233f,0xf9000e60b13ffc1f,0x7100053fb8690109
0x0e4000,0x10c000,0xd50323bfa8c17bfd,0x394013e8350000a0,0x340002a854fffcc0,0x8b080140f9400d29,0x140000072a1f03f4,0xd50323bfa8c37bfd,0x9440f9f4aa0103f4,0xb50001a8f9403268
0x0e8000,0x108000,0x54000041eb08015f,0xeb09011fc8dffd09,0x9100431bd5384118,0x94412dbcaa1403e0,0x121a054954000100,0x91355c21f9402260,0x944109f4aa1403e0,0x9402327797ff52a7
0x0ec000,0x104000,0xd0011435f0011436,0x17fffff33607fe48,0x721f02ff52802908,0x9b0922a8a900ff1f,0x3630010839440268,0x5281b801aa0003f3,0xaa1403e1f9400260,0xf000baa1b000be80
0x0f0000,0x100000,0xaa0103e0d503249f,0xa913326ba9122a69,0xa94257f6a9434ff4,0xfa0d019fda9f318c,0xd0012469d503249f,0xd101c3ffd503233f,0xa9454ff4aa1303e0,0xa94457f6a9454ff4
0x0f4000,0x0fc000,0x71000adf94416015,0xa9ba7bfdd503233f,0x540001006b08029f,0x528000c1aa0003f3,0x900115e9f9404268,0x1280015414000002,0xf9404ae0f943cf08,0x2a1f03e954fffe01
0x0f8000,0x0f8000,0xa906ffffa907ffff,0x1280005435000058,0xb9400be835000358,0xb9001be090011609,0xa903ffffa904ffff,0x540006616b14001f,0x910043fda9017bfd,0x14000048128002b3
0x0fc000,0x0f4000,0xa9447bfd540000a1,0x340000b7b5fffe76,0xaa1403e0aa0003f3,0x510006a8f9000358,0x54ffff21eb16011f,0x7100793f2a1f03e0,0x7100269fd65f03c0,0xf8bfc328b8bfc328
0x100000,0x0f0000,0xf940042817ffffed,0xd538202bd50343df,0x140000d6d51b4228,0x3940fae914000057,0x37c7fac8f9432908,0xd50339bf540008a1,0xf903c6f32a1f03f4,0x2a1603e012800016
0x104000,0x0ec000,0xa9bf7bfdd503233f,0xaa0303e4aa0403e5,0x941b1767aa1f03e5,0xd10093a4910053e3,0xaa0303f8aa0403f6,0xaa1703e097ffc3a7,0xf9000fff340007d9,0x4b0803e8540001a8
0x108000,0x0e8000,0xb900101fa9007c1f,0x5280002c7100013f,0xd538d088b0011369,0x910083fda9027bfd,0x360004089ac82528,0x17ffff9c9441865d,0x52800061b4000080,0xaa1403e097fffff3
0x10c000,0x0e4000,0xd503249fd4210000,0xb5000268f94036c8,0xaa1603e0aa0003f3,0x910041088b080d28,0xb90012a811000508,0xa900ffffa901ffff,0xeb00013fb4fffda9,0xd5033fdfd518200c
0x110000,0x0e0000,0xf8605908d0012574,0xb90012e8f1000508,0xf1000508c8dffd08,0xc8dfff98b9001368,0xb90012e811000508,0xb4000199c8dffd19,0x39406e6939406668,0x52800028b900367f
0x114000,0x0dc000,0x140000091400000a,0xb900226aa940b7ec,0x910203fda9087bfd,0x1b177c2852807d17,0x0b0a0108b8e8012a,0x17ffffe8940236ca,0xa9055ff8f90023f9,0xa9455ff8a94657f6
0x118000,0x0d8000,0xf940010c3728008b,0xb86800084b0803e8,0xa8c17bfd128002a0,0x378006353737fda8,0xf903069891116289,0xaa0003fa9400e028,0x528020081400003b,0xb9400768b40000bb
0x11c000,0x0d4000,0xd50323bfa8c57bfd,0xaa1303e2910042c1,0xaa1603e097fd457c,0x17ffffdf2a1f03e8,0x340001d654001100,0x8b28c2b5121a66c8,0x910003fdf9000bf9,0x710102df120016d7
0x120000,0x0d0000,0xb8bfc12ab8bfc12a,0xa9067ebfa9077ebf,0xdac00d297100211f,0xf2b5bcc9d2842f2c,0x910003fda9bf7bfd,0xf940101a29462408,0x540001a27100411f,0x94191092b8580103
0x124000,0x0cc000,0x1400007411001108,0xf9410c08d51d402b,0xeb0b011faa0203f4,0xd10083a09280000c,0xa900a3eaf9401529,0xf90000a88b080128,0x2a0203f4aa0503f3,0x92490ecb927a0129
0x128000,0x0c8000,0xd5384108f829311f,0xf9426e6891044260,0xd538c008f9026268,0xaa0003f3360002a8,0xd503249ff9006409,0xd503249ff900d808,0xf9405409d503249f,0xf940c808d503249f
0x12c000,0x0c4000,0x14000004d503249f,0x17fffff7f9000d7f,0xea17011f9a883128,0x97ffc265aa1503e0,0xa9434ff494421b3b,0x54000b227100091f,0xeb09011ff85f83a9,0x1400023054ffff61
0x130000,0x0c0000,0xaa0a03ebf940010c,0x52800c0bd503201f,0xa9417bfda94357f6,0x9a8c83ecb100116b,0xd538410835000780,0xd5184609521b0909,0xaa0803ecc8dffd08,0xf940066835000880
0x134000,0x0bc000,0xd538410817ffffc4,0xf9400260aa1f03f4,0xaa1603e1f9400260,0xf94013f7a9417bfd,0x1a9f01087100013f,0x110006f797ffe198,0xaa0803e1912ae084,0x2a1f03e814000004
0x138000,0x0b8000,0xcb000108aa1503e2,0xb9400274941c41e0,0xaa1303e152800400,0x9117a04290000002,0xaa0003f3910003fd,0x2a1f03e08b284321,0x941c3ee3aa1303e2,0xf9000bf5a9bd7bfd
0x13c000,0x0b4000,0x2a0003f3910003fd,0x94424413d65f03c0,0x9100056b2a1f03e0,0xd51b422ad5033fdf,0x14000002f943dd08,0x52800a6914000051,0xa90657f6f9002bf7,0x2a0203e2910003fd
0x140000,0x0b0000,0x927101299272016b,0x1400000c35fffd68,0xf829111f52a01009,0xd503249f17ffffc8,0x9125c12990011529,0x71007e7f9a890153,0xd53bee20d503249f,0x2a0103e8d503249f
0x144000,0x0ac000,0xf80009cf2a1f03f0,0xd503249f3607fda8,0x94000042aa1303e0,0x91083c0051000463,0xd100a3aa39400283,0x540007417100251f,0x71001d1fb951bd08,0xd503249f14000044
0x148000,0x0a8000,0x52800c0ad503201f,0x521b0909d5384608,0xd5033fdfd5182009,0xd503249f17ffffce,0xfa0b015fda9f314a,0xd50343df52800c09,0xd5384609d5184608,0xd5033fdfd518202c
0x14c000,0x0a4000,0xaa1303e42a1603e3,0xf942f108d5384108,0x54000101eb09011f,0x9101c3ffa9447bfd,0xa90357f6910083fd,0xf9403c0991020008,0xa9064ff4a90557f6,0xeb09011ff85f83a9
0x150000,0x0a0000,0xf0011842b4000320,0x6b09003f528fffe9,0xd503201ff94292f6,0xa9425ff8a94357f6,0xd374cd218b080128,0x120002621a9f17e3,0xb8bfc100f8bfc129,0x3700040ac8dffd4a
0x154000,0x09c000,0x528198009137e2b5,0xf9449d089000d349,0x14000051912aa000,0xd5384108f000c080,0xf100215fd538d089,0x9120016b91000129,0x5280002014000002,0xaa1403e0910f0042
0x158000,0x098000,0xaa1f03e1aa1603e0,0xa900ffffa901ffff,0xaa1f03e1aa1503e0,0x1280000814000002,0x940662d152800480,0x910083fda9027bfd,0xd538410894060275,0xd343fd0872b89d89
0x15c000,0x094000,0x2a1f03f517fffff2,0xf90002688b0902a9,0x54000b00f27ef414,0xb5000634f9405674,0x36000080941cd957,0x3607fe20941cd905,0xf940066a54000560,0xf85e8013a9024ff4
0x160000,0x090000,0x92800068f9400429,0x2a1f03e1d346feda,0xb40006c0940b840a,0x52800061aa1803e0,0x34000328b8280008,0xa90357f6a9025ff8,0x17ffffeb17ffffec,0x52800029d00127e8
0x164000,0x08c000,0x6b1100bf1a8680a5,0xd378df08d503249f,0x97ffff422a1f03e3,0xd5384608f8bfc140,0xa9414ff4f829311f,0xaa0003f694049177,0x14000013f829311f,0xf90013f5910043fd
0x168000,0x088000,0x52821f08940bafc6,0x913ca000d0012820,0x5280050892403d0c,0xb9401be8940a09c5,0x5280068a9b0a5129,0x79c0114a8b0a068a,0xf94001cff81fc14f,0xd503229f5280050b
0x16c000,0x084000,0x941e6cbdb90002c8,0x12001e81d503249f,0x1a9f17e312001e80,0x17ffffe5128002a0,0xaa1f03e0b9400a68,0x5400006272ba8408,0x2a1703e352800202,0x11000508b9400a68
0x170000,0x080000,0x9400003faa1303e4,0xd5033b9f54ffff61,0xa9435ff8a94457f6,0xd5033fdfd5033a9f,0x2a1f03e1d37ae508,0xb4000101c8dffd01,0x9340dd0ad5033fdf,0x8a190129d001286a
0x174000,0x07c000,0x9123d000aa1603e1,0x540009c2eb13211f,0x394422a8d503249f,0xeb09011ff85f83a9,0xf9800271d503249f,0x8b0b0108f100019f,0x540001007100811f,0x52b28009320402c8
0x178000,0x078000,0xd503249fd65f03c0,0x52800c09d503201f,0x17ffffe837c7ff48,0xc8dffd2991002129,0xd538460817ffffea,0xd518202bb340bd4b,0xd5184608f8bfc129,0xd51b4228d5033fdf
0x17c000,0x074000,0xb8bfc108b8bfc108,0xb4000158c8dffd18,0x1219018dd53b422c,0x5280140dd503249f,0x91378108f0012628,0x910042c854000080,0x17fffff39403d64a,0x128002b49403d5ca
0x180000,0x070000,0xd50323bfa8c17bfd,0x9103f02190000002,0x1a8001137100001f,0xd51b9c0ad5033fdf,0x51000509b9418668,0xd65f03c0d50323bf,0xb941394af9404c2a,0xf9400013540003a0
0x184000,0x06c000,0xd378dc093940f948,0xea2a013fb2409bea,0x17ffffe437c7fe68,0x1219014bd53b422a,0xd5182029d5033fdf,0x3940f92ad5384109,0xd503229f9a9f0008,0x17ffffcb5280140b
0x188000,0x068000,0xaa0903ecc8dffd29,0xa8c17bfdaa0803e0,0xf940014837280088,0xd503229f9a9f0008,0x5280140bd503249f,0xd503201f3500008b,0xd51b4228d5033fdf,0x3728008ad378dc08
0x18c000,0x064000,0xea2a013fb2409bea,0xd503249f17ffffe4,0x3500008b1219014b,0xd5033fdfd5182029,0xd378dc083940f92a,0xaa0803e0d503229f,0xd503249f17ffffcb,0xd50343df52800c0b
0x190000,0x060000,0xd50343df52800c09,0xd5184609521b0909,0xd51b422ad5033fdf,0xd0012968d503249f,0x14000030b400058a,0xd140052a9240bd29,0xa9bf7bfdd503233f,0xb2409bea8a882009
0x194000,0x05c000,0xa8c17bfdaa0203e0,0x36d0004baa0003ea,0xd503201f1400001a,0x521b094bd538460a,0xd538202baa0903ec,0xd503249fd65f03c0,0x8a88200a36d0004b,0xd53b4228d503201f
0x198000,0x058000,0x1400039cb940402c,0x9100228ed50343df,0xd5033fdfd518200e,0x1219016cd53b422b,0xd5033fdfd518200c,0xd378dd4b39400aa9,0x9103a260d503201f,0xf94329add00129ad
0x19c000,0x054000,0xd5384608b8bfc108,0x7100041fd4000003,0xf8406109913fb908,0x12140129531c6c29,0x1400001dd4000002,0x94022c97540001a0,0x54000b807100091f,0xc80a7e698a280129
0x1a0000,0x050000,0xf0011a88d503233f,0xd37cfd08937cfd0b,0xd503233f17ffffd1,0xc85f7d6cf9800171,0xb2596108cb080128,0xcb080148d5382049,0xd3669929f9449aab,0xf100091fd503201f
0x1a4000,0x04c000,0x33196909121b092a,0x33180d2b121b0908,0x39400128b4000188,0x14000002aa0903e0,0x940b7f3daa1603e2,0x52800608a9034ff4,0xa9014ff4a9be7bfd,0xa9434ff42a1f03e0
0x1a8000,0x048000,0x37c7b64df9432aad,0xd538460a17ffff39,0xd518460b521b090b,0xd538202caa0b03ed,0xb800090a72a8ca0a,0xf943294ad0012a2a,0x52800c0bd503201f,0xaa0c03eec8dffd8c
0x1ac000,0x044000,0xaa1f03e094001834,0x8b08012db4fffd4d,0xb2409bee128001a9,0xeb09011ff85f83a9,0x521b090bd5384608,0xf9408a6854000080,0x9108410954000623,0x528a802e528a402d
0x1b0000,0x040000,0xd538202baa0903ec,0x12190109d53b4228,0xcb150268d65f03c0,0x17ffffda52801409,0xf940012b3728008a,0xc8dffd2991002129,0xd503201f14000023,0x2a1f03e1cb140268
0x1b4000,0x03c000,0x17fffff597ff93a0,0xd518460af8bfc129,0xb2409bebaa1303f5,0xd5033fdfd518202c,0x52800c09d503201f,0xaa1503e28b080280,0xd518460b521b094b,0x8a88202a36d0004b
0x1b8000,0x038000,0xd518202cb340bd6c,0xd503201f35000089,0x8b0802802a1f03e1,0x521b094bd538460a,0x36d0004baa0103ea,0xd538202baa0903ec,0x52800c09d503201f,0xaa1503e28b080280
0x1bc000,0x034000,0xf8bfc129d518460b,0x9a8b83ebab13014a,0xd5033fdfd5182009,0xd5382029d50343df,0x17fffff597ffb1a0,0xd518460af8bfc129,0xb2409bebaa1303f5,0xd5033fdfd518202c
0x1c0000,0x030000,0xd5182009d5033fdf,0xd50343df52800c09,0xd0012aead503249f,0xd503233fd5184608,0x3500008b1219014b,0xaa0803e1aa1403e0,0xb50000f5d503249f,0x37c7fd48f9432908
0x1c4000,0x02c000,0xd503249f17fffff5,0xd5384608d518460a,0xab13014ab2409beb,0xd503249fd51b422a,0xd5182029d5033fdf,0xf9432908d0012b08,0xaa0003f4aa0203f3,0x3500008b1219014b
0x1c8000,0x028000,0x540000e1eb09011f,0xd503249f361ffa88,0x17ffffe1f94007e0,0xf9000bf5a9bd7bfd,0xc8dffe88b5000068,0xb50000688b090155,0xb4000060f9484800,0xa8c27bfdf9400bf3
0x1cc000,0x024000,0xaa1f03e8d503233f,0x121c6eaaaa1f03e9,0x35ffffaac80a7e69,0x386b694a9103016b,0x17ffffe62a080120,0xa94657f6a9474ff4,0xa9be7bfdd503233f,0xf9800271d503249f
0x1d0000,0x020000,0x6ea682346ea48233,0x1a8800001a840063,0xd65f03c054ffff61,0x780024c391000821,0xf2402c1f91020021,0xa8c12829a8c12027,0x54fffe816b05007f,0xa97f1c86a93f1ca6
0x1d4000,0x01c000,0x4e284a604e286800,0xd503245f6e080602,0x4a1903132a130231,0x2a1302310b0d0339,0x4ad559514a160273,0x0b1303180b180294,0x0b00016b0b110294,0x0b1302f713941a90
0x1d8000,0x018000,0xd10083ffd503221f,0xd10083ffd503221f,0xd10083ffd503221f,0xd10083ffd503221f,0xd503201fd50330ff,0x5e28098d4ea28544,0x5e1653595e164338,0x4ee584216e004047
0x1dc000,0x014000,0xffffffc008010800,0xd5181000b2610000,0xd5182137d5182116,0x0000000000000000,0xf2503ebfd5382015,0xad431c06ad421404,0x85bf040985bf0008,0xd503245fd65f03c0
0x1e0000,0x010000,0xa9bd7bfdd503233f,0x9405627291351c00,0x0000000000000000,0x0000000000000000,0x8b2063ffd10943ff,0x8b2063ffd10943ff,0xd53bd07e14000003,0xaa1f03fe14000002
0x1e4000,0x00c000,0xd503201fd503201f,0xd503201fd503201f,0xd503201fd503201f,0xd503201fd503201f,0xd503201fd503201f,0xd503201fd503201f,0xd503201fd503201f,0xd503201fd503201f
0x1e8000,0x008000,0xd503201fd503201f,0xd503201fd503201f,0xd503201fd503201f,0xd503201fd503201f,0xd503201fd503201f,0xd503201fd503201f,0xd503201fd503201f,0xd503201fd503201f
0x1ec000,0x004000,0xd503201fd503201f,0xd503201fd503201f,0xd503201fd503201f,0xd503201fd503201f,0xd503201fd503201f,0xd503201fd503201f,0xd503201fd503201f,0xd503201fd503201f
0x1f0000,0x000000,0x1487bffffa405a4d,0xd503201fd503201f,0xd503201fd503201f,0xd503201fd503201f,0xd503201fd503201f,0xd503201fd503201f,0xd503201fd503201f,0xd503201fd503201f
