STRUCT,SIZE,MEMBER,OFFSET_BYTES,OFFSET_HEX,BTF_EVIDENCE,DWARF_EVIDENCE,ZG3_VALUE_IF_PRESENT,MATCH_ZG3,NOTES
struct mm_struct,992,(anon),0,0x0,BTF type_id=67 bits_offset=0,DWARF pahole -F btf -C mm_struct,N/A,N/A,
struct mm_struct,992,cpu_bitmap,992,0x3e0,BTF type_id=67 bits_offset=7936,DWARF pahole -F btf -C mm_struct,N/A,N/A,
struct rb_node,24,__rb_parent_color,0,0x0,BTF type_id=79 bits_offset=0,DWARF pahole -F btf -C rb_node,N/A,N/A,
struct rb_node,24,rb_right,8,0x8,BTF type_id=79 bits_offset=64,DWARF pahole -F btf -C rb_node,N/A,N/A,
struct rb_node,24,rb_left,16,0x10,BTF type_id=79 bits_offset=128,DWARF pahole -F btf -C rb_node,N/A,N/A,
struct page,64,flags,0,0x0,BTF type_id=141 bits_offset=0,DWARF pahole -F btf -C page,N/A,N/A,
struct page,64,(anon),8,0x8,BTF type_id=141 bits_offset=64,DWARF pahole -F btf -C page,N/A,N/A,
struct page,64,(anon),48,0x30,BTF type_id=141 bits_offset=384,DWARF pahole -F btf -C page,N/A,N/A,
struct page,64,_refcount,52,0x34,BTF type_id=141 bits_offset=416,DWARF pahole -F btf -C page,N/A,N/A,
struct page,64,memcg_data,56,0x38,BTF type_id=141 bits_offset=448,DWARF pahole -F btf -C page,N/A,N/A,
struct file,264,f_u,0,0x0,BTF type_id=298 bits_offset=0,DWARF pahole -F btf -C file,N/A,N/A,
struct file,264,f_path,16,0x10,BTF type_id=298 bits_offset=128,DWARF pahole -F btf -C file,N/A,N/A,
struct file,264,f_inode,32,0x20,BTF type_id=298 bits_offset=256,DWARF pahole -F btf -C file,N/A,N/A,
struct file,264,f_op,40,0x28,BTF type_id=298 bits_offset=320,DWARF pahole -F btf -C file,N/A,N/A,
struct file,264,f_lock,48,0x30,BTF type_id=298 bits_offset=384,DWARF pahole -F btf -C file,N/A,N/A,
struct file,264,f_write_hint,52,0x34,BTF type_id=298 bits_offset=416,DWARF pahole -F btf -C file,N/A,N/A,
struct file,264,f_count,56,0x38,BTF type_id=298 bits_offset=448,DWARF pahole -F btf -C file,N/A,N/A,
struct file,264,f_flags,64,0x40,BTF type_id=298 bits_offset=512,DWARF pahole -F btf -C file,N/A,N/A,
struct file,264,f_mode,68,0x44,BTF type_id=298 bits_offset=544,DWARF pahole -F btf -C file,N/A,N/A,
struct file,264,f_pos_lock,72,0x48,BTF type_id=298 bits_offset=576,DWARF pahole -F btf -C file,N/A,N/A,
struct file,264,f_pos,120,0x78,BTF type_id=298 bits_offset=960,DWARF pahole -F btf -C file,N/A,N/A,
struct file,264,f_owner,128,0x80,BTF type_id=298 bits_offset=1024,DWARF pahole -F btf -C file,N/A,N/A,
struct file,264,f_cred,160,0xa0,BTF type_id=298 bits_offset=1280,DWARF pahole -F btf -C file,N/A,N/A,
struct file,264,f_ra,168,0xa8,BTF type_id=298 bits_offset=1344,DWARF pahole -F btf -C file,N/A,N/A,
struct file,264,f_version,200,0xc8,BTF type_id=298 bits_offset=1600,DWARF pahole -F btf -C file,N/A,N/A,
struct file,264,f_security,208,0xd0,BTF type_id=298 bits_offset=1664,DWARF pahole -F btf -C file,N/A,N/A,
struct file,264,private_data,216,0xd8,BTF type_id=298 bits_offset=1728,DWARF pahole -F btf -C file,N/A,N/A,
struct file,264,f_ep,224,0xe0,BTF type_id=298 bits_offset=1792,DWARF pahole -F btf -C file,N/A,N/A,
struct file,264,f_mapping,232,0xe8,BTF type_id=298 bits_offset=1856,DWARF pahole -F btf -C file,N/A,N/A,
struct file,264,f_wb_err,240,0xf0,BTF type_id=298 bits_offset=1920,DWARF pahole -F btf -C file,N/A,N/A,
struct file,264,f_sb_err,244,0xf4,BTF type_id=298 bits_offset=1952,DWARF pahole -F btf -C file,N/A,N/A,
struct file,264,android_kabi_reserved1,248,0xf8,BTF type_id=298 bits_offset=1984,DWARF pahole -F btf -C file,N/A,N/A,
struct file,264,android_kabi_reserved2,256,0x100,BTF type_id=298 bits_offset=2048,DWARF pahole -F btf -C file,N/A,N/A,
struct file_operations,288,owner,0,0x0,BTF type_id=304 bits_offset=0,DWARF pahole -F btf -C file_operations,0x00,IDENTICAL,Matches ZG3 macro FOPS_OWNER_OFF
struct file_operations,288,llseek,8,0x8,BTF type_id=304 bits_offset=64,DWARF pahole -F btf -C file_operations,0x08,IDENTICAL,Matches ZG3 macro FOPS_LLSEEK_OFF
struct file_operations,288,read,16,0x10,BTF type_id=304 bits_offset=128,DWARF pahole -F btf -C file_operations,0x10,IDENTICAL,Matches ZG3 macro FOPS_READ_OFF
struct file_operations,288,write,24,0x18,BTF type_id=304 bits_offset=192,DWARF pahole -F btf -C file_operations,0x18,IDENTICAL,Matches ZG3 macro FOPS_WRITE_OFF
struct file_operations,288,read_iter,32,0x20,BTF type_id=304 bits_offset=256,DWARF pahole -F btf -C file_operations,0x20,IDENTICAL,Matches ZG3 macro FOPS_READ_ITER_OFF
struct file_operations,288,write_iter,40,0x28,BTF type_id=304 bits_offset=320,DWARF pahole -F btf -C file_operations,0x28,IDENTICAL,Matches ZG3 macro FOPS_WRITE_ITER_OFF
struct file_operations,288,iopoll,48,0x30,BTF type_id=304 bits_offset=384,DWARF pahole -F btf -C file_operations,N/A,N/A,
struct file_operations,288,iterate,56,0x38,BTF type_id=304 bits_offset=448,DWARF pahole -F btf -C file_operations,N/A,N/A,
struct file_operations,288,iterate_shared,64,0x40,BTF type_id=304 bits_offset=512,DWARF pahole -F btf -C file_operations,N/A,N/A,
struct file_operations,288,poll,72,0x48,BTF type_id=304 bits_offset=576,DWARF pahole -F btf -C file_operations,N/A,N/A,
struct file_operations,288,unlocked_ioctl,80,0x50,BTF type_id=304 bits_offset=640,DWARF pahole -F btf -C file_operations,0x50,IDENTICAL,Matches ZG3 macro FOPS_IOCTL_OFF
struct file_operations,288,compat_ioctl,88,0x58,BTF type_id=304 bits_offset=704,DWARF pahole -F btf -C file_operations,0x58,IDENTICAL,Matches ZG3 macro FOPS_COMPAT_IOCTL_OFF
struct file_operations,288,mmap,96,0x60,BTF type_id=304 bits_offset=768,DWARF pahole -F btf -C file_operations,0x60,IDENTICAL,Matches ZG3 macro FOPS_MMAP_OFF
struct file_operations,288,mmap_supported_flags,104,0x68,BTF type_id=304 bits_offset=832,DWARF pahole -F btf -C file_operations,N/A,N/A,
struct file_operations,288,open,112,0x70,BTF type_id=304 bits_offset=896,DWARF pahole -F btf -C file_operations,0x70,IDENTICAL,Matches ZG3 macro FOPS_OPEN_OFF
struct file_operations,288,flush,120,0x78,BTF type_id=304 bits_offset=960,DWARF pahole -F btf -C file_operations,N/A,N/A,
struct file_operations,288,release,128,0x80,BTF type_id=304 bits_offset=1024,DWARF pahole -F btf -C file_operations,0x80,IDENTICAL,Matches ZG3 macro FOPS_RELEASE_OFF
struct file_operations,288,fsync,136,0x88,BTF type_id=304 bits_offset=1088,DWARF pahole -F btf -C file_operations,N/A,N/A,
struct file_operations,288,fasync,144,0x90,BTF type_id=304 bits_offset=1152,DWARF pahole -F btf -C file_operations,N/A,N/A,
struct file_operations,288,lock,152,0x98,BTF type_id=304 bits_offset=1216,DWARF pahole -F btf -C file_operations,N/A,N/A,
struct file_operations,288,sendpage,160,0xa0,BTF type_id=304 bits_offset=1280,DWARF pahole -F btf -C file_operations,N/A,N/A,
struct file_operations,288,get_unmapped_area,168,0xa8,BTF type_id=304 bits_offset=1344,DWARF pahole -F btf -C file_operations,N/A,N/A,
struct file_operations,288,check_flags,176,0xb0,BTF type_id=304 bits_offset=1408,DWARF pahole -F btf -C file_operations,N/A,N/A,
struct file_operations,288,flock,184,0xb8,BTF type_id=304 bits_offset=1472,DWARF pahole -F btf -C file_operations,N/A,N/A,
struct file_operations,288,splice_write,192,0xc0,BTF type_id=304 bits_offset=1536,DWARF pahole -F btf -C file_operations,N/A,N/A,
struct file_operations,288,splice_read,200,0xc8,BTF type_id=304 bits_offset=1600,DWARF pahole -F btf -C file_operations,0xc8,IDENTICAL,Matches ZG3 macro FOPS_SPLICE_READ_OFF
struct file_operations,288,setlease,208,0xd0,BTF type_id=304 bits_offset=1664,DWARF pahole -F btf -C file_operations,N/A,N/A,
struct file_operations,288,fallocate,216,0xd8,BTF type_id=304 bits_offset=1728,DWARF pahole -F btf -C file_operations,N/A,N/A,
struct file_operations,288,show_fdinfo,224,0xe0,BTF type_id=304 bits_offset=1792,DWARF pahole -F btf -C file_operations,0xe0,IDENTICAL,Matches ZG3 macro FOPS_SHOW_FDINFO_OFF
struct file_operations,288,copy_file_range,232,0xe8,BTF type_id=304 bits_offset=1856,DWARF pahole -F btf -C file_operations,N/A,N/A,
struct file_operations,288,remap_file_range,240,0xf0,BTF type_id=304 bits_offset=1920,DWARF pahole -F btf -C file_operations,N/A,N/A,
struct file_operations,288,fadvise,248,0xf8,BTF type_id=304 bits_offset=1984,DWARF pahole -F btf -C file_operations,N/A,N/A,
struct file_operations,288,android_kabi_reserved1,256,0x100,BTF type_id=304 bits_offset=2048,DWARF pahole -F btf -C file_operations,N/A,N/A,
struct file_operations,288,android_kabi_reserved2,264,0x108,BTF type_id=304 bits_offset=2112,DWARF pahole -F btf -C file_operations,N/A,N/A,
struct file_operations,288,android_kabi_reserved3,272,0x110,BTF type_id=304 bits_offset=2176,DWARF pahole -F btf -C file_operations,N/A,N/A,
struct file_operations,288,android_kabi_reserved4,280,0x118,BTF type_id=304 bits_offset=2240,DWARF pahole -F btf -C file_operations,N/A,N/A,
struct task_struct,4608,thread_info,0,0x0,BTF type_id=462 bits_offset=0,DWARF pahole -F btf -C task_struct,N/A,N/A,
struct task_struct,4608,__state,40,0x28,BTF type_id=462 bits_offset=320,DWARF pahole -F btf -C task_struct,N/A,N/A,
struct task_struct,4608,stack,48,0x30,BTF type_id=462 bits_offset=384,DWARF pahole -F btf -C task_struct,N/A,N/A,
struct task_struct,4608,usage,56,0x38,BTF type_id=462 bits_offset=448,DWARF pahole -F btf -C task_struct,0x38,IDENTICAL,Matches ZG3 macro FAKE_TASK_USAGE_OFF
struct task_struct,4608,flags,60,0x3c,BTF type_id=462 bits_offset=480,DWARF pahole -F btf -C task_struct,N/A,N/A,
struct task_struct,4608,ptrace,64,0x40,BTF type_id=462 bits_offset=512,DWARF pahole -F btf -C task_struct,N/A,N/A,
struct task_struct,4608,on_cpu,68,0x44,BTF type_id=462 bits_offset=544,DWARF pahole -F btf -C task_struct,N/A,N/A,
struct task_struct,4608,wake_entry,72,0x48,BTF type_id=462 bits_offset=576,DWARF pahole -F btf -C task_struct,N/A,N/A,
struct task_struct,4608,cpu,88,0x58,BTF type_id=462 bits_offset=704,DWARF pahole -F btf -C task_struct,N/A,N/A,
struct task_struct,4608,wakee_flips,92,0x5c,BTF type_id=462 bits_offset=736,DWARF pahole -F btf -C task_struct,N/A,N/A,
struct task_struct,4608,wakee_flip_decay_ts,96,0x60,BTF type_id=462 bits_offset=768,DWARF pahole -F btf -C task_struct,N/A,N/A,
struct task_struct,4608,last_wakee,104,0x68,BTF type_id=462 bits_offset=832,DWARF pahole -F btf -C task_struct,N/A,N/A,
struct task_struct,4608,recent_used_cpu,112,0x70,BTF type_id=462 bits_offset=896,DWARF pahole -F btf -C task_struct,N/A,N/A,
struct task_struct,4608,wake_cpu,116,0x74,BTF type_id=462 bits_offset=928,DWARF pahole -F btf -C task_struct,N/A,N/A,
struct task_struct,4608,on_rq,120,0x78,BTF type_id=462 bits_offset=960,DWARF pahole -F btf -C task_struct,N/A,N/A,
struct task_struct,4608,prio,124,0x7c,BTF type_id=462 bits_offset=992,DWARF pahole -F btf -C task_struct,0x7c,IDENTICAL,Matches ZG3 macro FAKE_TASK_PRIO_OFF
struct task_struct,4608,static_prio,128,0x80,BTF type_id=462 bits_offset=1024,DWARF pahole -F btf -C task_struct,N/A,N/A,
struct task_struct,4608,normal_prio,132,0x84,BTF type_id=462 bits_offset=1056,DWARF pahole -F btf -C task_struct,0x84,IDENTICAL,Matches ZG3 macro FAKE_TASK_NORMAL_PRIO_OFF
struct task_struct,4608,rt_priority,136,0x88,BTF type_id=462 bits_offset=1088,DWARF pahole -F btf -C task_struct,N/A,N/A,
struct task_struct,4608,sched_class,144,0x90,BTF type_id=462 bits_offset=1152,DWARF pahole -F btf -C task_struct,N/A,N/A,
struct task_struct,4608,se,192,0xc0,BTF type_id=462 bits_offset=1536,DWARF pahole -F btf -C task_struct,N/A,N/A,
struct task_struct,4608,rt,704,0x2c0,BTF type_id=462 bits_offset=5632,DWARF pahole -F btf -C task_struct,N/A,N/A,
struct task_struct,4608,dl,784,0x310,BTF type_id=462 bits_offset=6272,DWARF pahole -F btf -C task_struct,N/A,N/A,
struct task_struct,4608,sched_task_group,1024,0x400,BTF type_id=462 bits_offset=8192,DWARF pahole -F btf -C task_struct,0x400ULL,IDENTICAL,Matches ZG3 macro FAKE_TASK_TASK_GROUP_OFF
struct task_struct,4608,uclamp_req,1032,0x408,BTF type_id=462 bits_offset=8256,DWARF pahole -F btf -C task_struct,N/A,N/A,
struct task_struct,4608,uclamp,1040,0x410,BTF type_id=462 bits_offset=8320,DWARF pahole -F btf -C task_struct,N/A,N/A,
struct task_struct,4608,preempt_notifiers,1048,0x418,BTF type_id=462 bits_offset=8384,DWARF pahole -F btf -C task_struct,N/A,N/A,
struct task_struct,4608,policy,1056,0x420,BTF type_id=462 bits_offset=8448,DWARF pahole -F btf -C task_struct,N/A,N/A,
struct task_struct,4608,nr_cpus_allowed,1060,0x424,BTF type_id=462 bits_offset=8480,DWARF pahole -F btf -C task_struct,N/A,N/A,
struct task_struct,4608,cpus_ptr,1064,0x428,BTF type_id=462 bits_offset=8512,DWARF pahole -F btf -C task_struct,N/A,N/A,
struct task_struct,4608,user_cpus_ptr,1072,0x430,BTF type_id=462 bits_offset=8576,DWARF pahole -F btf -C task_struct,N/A,N/A,
struct task_struct,4608,cpus_mask,1080,0x438,BTF type_id=462 bits_offset=8640,DWARF pahole -F btf -C task_struct,N/A,N/A,
struct task_struct,4608,migration_pending,1088,0x440,BTF type_id=462 bits_offset=8704,DWARF pahole -F btf -C task_struct,N/A,N/A,
struct task_struct,4608,migration_disabled,1096,0x448,BTF type_id=462 bits_offset=8768,DWARF pahole -F btf -C task_struct,N/A,N/A,
struct task_struct,4608,migration_flags,1098,0x44a,BTF type_id=462 bits_offset=8784,DWARF pahole -F btf -C task_struct,N/A,N/A,
struct task_struct,4608,rcu_read_lock_nesting,1100,0x44c,BTF type_id=462 bits_offset=8800,DWARF pahole -F btf -C task_struct,N/A,N/A,
struct task_struct,4608,rcu_read_unlock_special,1104,0x450,BTF type_id=462 bits_offset=8832,DWARF pahole -F btf -C task_struct,N/A,N/A,
struct task_struct,4608,rcu_node_entry,1112,0x458,BTF type_id=462 bits_offset=8896,DWARF pahole -F btf -C task_struct,N/A,N/A,
struct task_struct,4608,rcu_blocked_node,1128,0x468,BTF type_id=462 bits_offset=9024,DWARF pahole -F btf -C task_struct,N/A,N/A,
struct task_struct,4608,rcu_tasks_nvcsw,1136,0x470,BTF type_id=462 bits_offset=9088,DWARF pahole -F btf -C task_struct,N/A,N/A,
struct task_struct,4608,rcu_tasks_holdout,1144,0x478,BTF type_id=462 bits_offset=9152,DWARF pahole -F btf -C task_struct,N/A,N/A,
struct task_struct,4608,rcu_tasks_idx,1145,0x479,BTF type_id=462 bits_offset=9160,DWARF pahole -F btf -C task_struct,N/A,N/A,
struct task_struct,4608,rcu_tasks_idle_cpu,1148,0x47c,BTF type_id=462 bits_offset=9184,DWARF pahole -F btf -C task_struct,N/A,N/A,
struct task_struct,4608,rcu_tasks_holdout_list,1152,0x480,BTF type_id=462 bits_offset=9216,DWARF pahole -F btf -C task_struct,N/A,N/A,
struct task_struct,4608,trc_reader_nesting,1168,0x490,BTF type_id=462 bits_offset=9344,DWARF pahole -F btf -C task_struct,N/A,N/A,
struct task_struct,4608,trc_ipi_to_cpu,1172,0x494,BTF type_id=462 bits_offset=9376,DWARF pahole -F btf -C task_struct,N/A,N/A,
struct task_struct,4608,trc_reader_special,1176,0x498,BTF type_id=462 bits_offset=9408,DWARF pahole -F btf -C task_struct,N/A,N/A,
struct task_struct,4608,trc_reader_checked,1180,0x49c,BTF type_id=462 bits_offset=9440,DWARF pahole -F btf -C task_struct,N/A,N/A,
struct task_struct,4608,trc_holdout_list,1184,0x4a0,BTF type_id=462 bits_offset=9472,DWARF pahole -F btf -C task_struct,N/A,N/A,
struct task_struct,4608,sched_info,1200,0x4b0,BTF type_id=462 bits_offset=9600,DWARF pahole -F btf -C task_struct,N/A,N/A,
struct task_struct,4608,tasks,1232,0x4d0,BTF type_id=462 bits_offset=9856,DWARF pahole -F btf -C task_struct,N/A,N/A,
struct task_struct,4608,pushable_tasks,1248,0x4e0,BTF type_id=462 bits_offset=9984,DWARF pahole -F btf -C task_struct,N/A,N/A,
struct task_struct,4608,pushable_dl_tasks,1288,0x508,BTF type_id=462 bits_offset=10304,DWARF pahole -F btf -C task_struct,N/A,N/A,
struct task_struct,4608,mm,1312,0x520,BTF type_id=462 bits_offset=10496,DWARF pahole -F btf -C task_struct,N/A,N/A,
struct task_struct,4608,active_mm,1320,0x528,BTF type_id=462 bits_offset=10560,DWARF pahole -F btf -C task_struct,N/A,N/A,
struct task_struct,4608,vmacache,1328,0x530,BTF type_id=462 bits_offset=10624,DWARF pahole -F btf -C task_struct,N/A,N/A,
struct task_struct,4608,rss_stat,1368,0x558,BTF type_id=462 bits_offset=10944,DWARF pahole -F btf -C task_struct,N/A,N/A,
struct task_struct,4608,exit_state,1388,0x56c,BTF type_id=462 bits_offset=11104,DWARF pahole -F btf -C task_struct,N/A,N/A,
struct task_struct,4608,exit_code,1392,0x570,BTF type_id=462 bits_offset=11136,DWARF pahole -F btf -C task_struct,N/A,N/A,
struct task_struct,4608,exit_signal,1396,0x574,BTF type_id=462 bits_offset=11168,DWARF pahole -F btf -C task_struct,N/A,N/A,
struct task_struct,4608,pdeath_signal,1400,0x578,BTF type_id=462 bits_offset=11200,DWARF pahole -F btf -C task_struct,N/A,N/A,
struct task_struct,4608,jobctl,1408,0x580,BTF type_id=462 bits_offset=11264,DWARF pahole -F btf -C task_struct,N/A,N/A,
struct task_struct,4608,personality,1416,0x588,BTF type_id=462 bits_offset=11328,DWARF pahole -F btf -C task_struct,N/A,N/A,
struct task_struct,4608,sched_reset_on_fork,1420,0x58c,BTF type_id=462 bits_offset=11360,DWARF pahole -F btf -C task_struct,N/A,N/A,
struct task_struct,4608,sched_contributes_to_load,1420,0x58c,BTF type_id=462 bits_offset=11361,DWARF pahole -F btf -C task_struct,N/A,N/A,
struct task_struct,4608,sched_migrated,1420,0x58c,BTF type_id=462 bits_offset=11362,DWARF pahole -F btf -C task_struct,N/A,N/A,
struct task_struct,4608,sched_psi_wake_requeue,1420,0x58c,BTF type_id=462 bits_offset=11363,DWARF pahole -F btf -C task_struct,N/A,N/A,
struct task_struct,4608,sched_remote_wakeup,1424,0x590,BTF type_id=462 bits_offset=11392,DWARF pahole -F btf -C task_struct,N/A,N/A,
struct task_struct,4608,in_execve,1424,0x590,BTF type_id=462 bits_offset=11393,DWARF pahole -F btf -C task_struct,N/A,N/A,
struct task_struct,4608,in_iowait,1424,0x590,BTF type_id=462 bits_offset=11394,DWARF pahole -F btf -C task_struct,N/A,N/A,
struct task_struct,4608,in_user_fault,1424,0x590,BTF type_id=462 bits_offset=11395,DWARF pahole -F btf -C task_struct,N/A,N/A,
struct task_struct,4608,in_lru_fault,1424,0x590,BTF type_id=462 bits_offset=11396,DWARF pahole -F btf -C task_struct,N/A,N/A,
struct task_struct,4608,no_cgroup_migration,1424,0x590,BTF type_id=462 bits_offset=11397,DWARF pahole -F btf -C task_struct,N/A,N/A,
struct task_struct,4608,frozen,1424,0x590,BTF type_id=462 bits_offset=11398,DWARF pahole -F btf -C task_struct,N/A,N/A,
struct task_struct,4608,use_memdelay,1424,0x590,BTF type_id=462 bits_offset=11399,DWARF pahole -F btf -C task_struct,N/A,N/A,
struct task_struct,4608,in_memstall,1425,0x591,BTF type_id=462 bits_offset=11400,DWARF pahole -F btf -C task_struct,N/A,N/A,
struct task_struct,4608,in_page_owner,1425,0x591,BTF type_id=462 bits_offset=11401,DWARF pahole -F btf -C task_struct,N/A,N/A,
struct task_struct,4608,in_eventfd_signal,1425,0x591,BTF type_id=462 bits_offset=11402,DWARF pahole -F btf -C task_struct,N/A,N/A,
struct task_struct,4608,atomic_flags,1432,0x598,BTF type_id=462 bits_offset=11456,DWARF pahole -F btf -C task_struct,N/A,N/A,
struct task_struct,4608,restart_block,1440,0x5a0,BTF type_id=462 bits_offset=11520,DWARF pahole -F btf -C task_struct,N/A,N/A,
struct task_struct,4608,pid,1496,0x5d8,BTF type_id=462 bits_offset=11968,DWARF pahole -F btf -C task_struct,N/A,N/A,
struct task_struct,4608,tgid,1500,0x5dc,BTF type_id=462 bits_offset=12000,DWARF pahole -F btf -C task_struct,N/A,N/A,
struct task_struct,4608,stack_canary,1504,0x5e0,BTF type_id=462 bits_offset=12032,DWARF pahole -F btf -C task_struct,N/A,N/A,
struct task_struct,4608,real_parent,1512,0x5e8,BTF type_id=462 bits_offset=12096,DWARF pahole -F btf -C task_struct,N/A,N/A,
struct task_struct,4608,parent,1520,0x5f0,BTF type_id=462 bits_offset=12160,DWARF pahole -F btf -C task_struct,N/A,N/A,
struct task_struct,4608,children,1528,0x5f8,BTF type_id=462 bits_offset=12224,DWARF pahole -F btf -C task_struct,N/A,N/A,
struct task_struct,4608,sibling,1544,0x608,BTF type_id=462 bits_offset=12352,DWARF pahole -F btf -C task_struct,N/A,N/A,
struct task_struct,4608,group_leader,1560,0x618,BTF type_id=462 bits_offset=12480,DWARF pahole -F btf -C task_struct,N/A,N/A,
struct task_struct,4608,ptraced,1568,0x620,BTF type_id=462 bits_offset=12544,DWARF pahole -F btf -C task_struct,N/A,N/A,
struct task_struct,4608,ptrace_entry,1584,0x630,BTF type_id=462 bits_offset=12672,DWARF pahole -F btf -C task_struct,N/A,N/A,
struct task_struct,4608,thread_pid,1600,0x640,BTF type_id=462 bits_offset=12800,DWARF pahole -F btf -C task_struct,N/A,N/A,
struct task_struct,4608,pid_links,1608,0x648,BTF type_id=462 bits_offset=12864,DWARF pahole -F btf -C task_struct,N/A,N/A,
struct task_struct,4608,thread_group,1672,0x688,BTF type_id=462 bits_offset=13376,DWARF pahole -F btf -C task_struct,N/A,N/A,
struct task_struct,4608,thread_node,1688,0x698,BTF type_id=462 bits_offset=13504,DWARF pahole -F btf -C task_struct,N/A,N/A,
struct task_struct,4608,vfork_done,1704,0x6a8,BTF type_id=462 bits_offset=13632,DWARF pahole -F btf -C task_struct,N/A,N/A,
struct task_struct,4608,set_child_tid,1712,0x6b0,BTF type_id=462 bits_offset=13696,DWARF pahole -F btf -C task_struct,N/A,N/A,
struct task_struct,4608,clear_child_tid,1720,0x6b8,BTF type_id=462 bits_offset=13760,DWARF pahole -F btf -C task_struct,N/A,N/A,
struct task_struct,4608,pf_io_worker,1728,0x6c0,BTF type_id=462 bits_offset=13824,DWARF pahole -F btf -C task_struct,N/A,N/A,
struct task_struct,4608,utime,1736,0x6c8,BTF type_id=462 bits_offset=13888,DWARF pahole -F btf -C task_struct,N/A,N/A,
struct task_struct,4608,stime,1744,0x6d0,BTF type_id=462 bits_offset=13952,DWARF pahole -F btf -C task_struct,N/A,N/A,
struct task_struct,4608,gtime,1752,0x6d8,BTF type_id=462 bits_offset=14016,DWARF pahole -F btf -C task_struct,N/A,N/A,
struct task_struct,4608,time_in_state,1760,0x6e0,BTF type_id=462 bits_offset=14080,DWARF pahole -F btf -C task_struct,N/A,N/A,
struct task_struct,4608,max_state,1768,0x6e8,BTF type_id=462 bits_offset=14144,DWARF pahole -F btf -C task_struct,N/A,N/A,
struct task_struct,4608,prev_cputime,1776,0x6f0,BTF type_id=462 bits_offset=14208,DWARF pahole -F btf -C task_struct,N/A,N/A,
struct task_struct,4608,nvcsw,1800,0x708,BTF type_id=462 bits_offset=14400,DWARF pahole -F btf -C task_struct,N/A,N/A,
struct task_struct,4608,nivcsw,1808,0x710,BTF type_id=462 bits_offset=14464,DWARF pahole -F btf -C task_struct,N/A,N/A,
struct task_struct,4608,start_time,1816,0x718,BTF type_id=462 bits_offset=14528,DWARF pahole -F btf -C task_struct,N/A,N/A,
struct task_struct,4608,start_boottime,1824,0x720,BTF type_id=462 bits_offset=14592,DWARF pahole -F btf -C task_struct,N/A,N/A,
struct task_struct,4608,min_flt,1832,0x728,BTF type_id=462 bits_offset=14656,DWARF pahole -F btf -C task_struct,N/A,N/A,
struct task_struct,4608,maj_flt,1840,0x730,BTF type_id=462 bits_offset=14720,DWARF pahole -F btf -C task_struct,N/A,N/A,
struct task_struct,4608,posix_cputimers,1848,0x738,BTF type_id=462 bits_offset=14784,DWARF pahole -F btf -C task_struct,N/A,N/A,
struct task_struct,4608,ptracer_cred,1928,0x788,BTF type_id=462 bits_offset=15424,DWARF pahole -F btf -C task_struct,N/A,N/A,
struct task_struct,4608,real_cred,1936,0x790,BTF type_id=462 bits_offset=15488,DWARF pahole -F btf -C task_struct,0x790ULL,IDENTICAL,Matches ZG3 macro TASK_STRUCT_REAL_CRED_OFF
struct task_struct,4608,cred,1944,0x798,BTF type_id=462 bits_offset=15552,DWARF pahole -F btf -C task_struct,0x798ULL,IDENTICAL,Matches ZG3 macro TASK_STRUCT_CRED_OFF
struct task_struct,4608,cached_requested_key,1952,0x7a0,BTF type_id=462 bits_offset=15616,DWARF pahole -F btf -C task_struct,N/A,N/A,
struct task_struct,4608,comm,1960,0x7a8,BTF type_id=462 bits_offset=15680,DWARF pahole -F btf -C task_struct,N/A,N/A,
struct task_struct,4608,nameidata,1976,0x7b8,BTF type_id=462 bits_offset=15808,DWARF pahole -F btf -C task_struct,N/A,N/A,
struct task_struct,4608,last_switch_count,1984,0x7c0,BTF type_id=462 bits_offset=15872,DWARF pahole -F btf -C task_struct,N/A,N/A,
struct task_struct,4608,last_switch_time,1992,0x7c8,BTF type_id=462 bits_offset=15936,DWARF pahole -F btf -C task_struct,N/A,N/A,
struct task_struct,4608,fs,2000,0x7d0,BTF type_id=462 bits_offset=16000,DWARF pahole -F btf -C task_struct,N/A,N/A,
struct task_struct,4608,files,2008,0x7d8,BTF type_id=462 bits_offset=16064,DWARF pahole -F btf -C task_struct,N/A,N/A,
struct task_struct,4608,io_uring,2016,0x7e0,BTF type_id=462 bits_offset=16128,DWARF pahole -F btf -C task_struct,N/A,N/A,
struct task_struct,4608,nsproxy,2024,0x7e8,BTF type_id=462 bits_offset=16192,DWARF pahole -F btf -C task_struct,N/A,N/A,
struct task_struct,4608,signal,2032,0x7f0,BTF type_id=462 bits_offset=16256,DWARF pahole -F btf -C task_struct,N/A,N/A,
struct task_struct,4608,sighand,2040,0x7f8,BTF type_id=462 bits_offset=16320,DWARF pahole -F btf -C task_struct,N/A,N/A,
struct task_struct,4608,blocked,2048,0x800,BTF type_id=462 bits_offset=16384,DWARF pahole -F btf -C task_struct,N/A,N/A,
struct task_struct,4608,real_blocked,2056,0x808,BTF type_id=462 bits_offset=16448,DWARF pahole -F btf -C task_struct,N/A,N/A,
struct task_struct,4608,saved_sigmask,2064,0x810,BTF type_id=462 bits_offset=16512,DWARF pahole -F btf -C task_struct,N/A,N/A,
struct task_struct,4608,pending,2072,0x818,BTF type_id=462 bits_offset=16576,DWARF pahole -F btf -C task_struct,N/A,N/A,
struct task_struct,4608,sas_ss_sp,2096,0x830,BTF type_id=462 bits_offset=16768,DWARF pahole -F btf -C task_struct,N/A,N/A,
struct task_struct,4608,sas_ss_size,2104,0x838,BTF type_id=462 bits_offset=16832,DWARF pahole -F btf -C task_struct,N/A,N/A,
struct task_struct,4608,sas_ss_flags,2112,0x840,BTF type_id=462 bits_offset=16896,DWARF pahole -F btf -C task_struct,N/A,N/A,
struct task_struct,4608,task_works,2120,0x848,BTF type_id=462 bits_offset=16960,DWARF pahole -F btf -C task_struct,N/A,N/A,
struct task_struct,4608,audit_context,2128,0x850,BTF type_id=462 bits_offset=17024,DWARF pahole -F btf -C task_struct,N/A,N/A,
struct task_struct,4608,loginuid,2136,0x858,BTF type_id=462 bits_offset=17088,DWARF pahole -F btf -C task_struct,N/A,N/A,
struct task_struct,4608,sessionid,2140,0x85c,BTF type_id=462 bits_offset=17120,DWARF pahole -F btf -C task_struct,N/A,N/A,
struct task_struct,4608,seccomp,2144,0x860,BTF type_id=462 bits_offset=17152,DWARF pahole -F btf -C task_struct,N/A,N/A,
struct task_struct,4608,syscall_dispatch,2160,0x870,BTF type_id=462 bits_offset=17280,DWARF pahole -F btf -C task_struct,N/A,N/A,
struct task_struct,4608,parent_exec_id,2160,0x870,BTF type_id=462 bits_offset=17280,DWARF pahole -F btf -C task_struct,N/A,N/A,
struct task_struct,4608,self_exec_id,2168,0x878,BTF type_id=462 bits_offset=17344,DWARF pahole -F btf -C task_struct,N/A,N/A,
struct task_struct,4608,alloc_lock,2176,0x880,BTF type_id=462 bits_offset=17408,DWARF pahole -F btf -C task_struct,N/A,N/A,
struct task_struct,4608,pi_lock,2180,0x884,BTF type_id=462 bits_offset=17440,DWARF pahole -F btf -C task_struct,0x884,IDENTICAL,Matches ZG3 macro FAKE_TASK_PI_LOCK_OFF
struct task_struct,4608,wake_q,2184,0x888,BTF type_id=462 bits_offset=17472,DWARF pahole -F btf -C task_struct,N/A,N/A,
struct task_struct,4608,wake_q_count,2192,0x890,BTF type_id=462 bits_offset=17536,DWARF pahole -F btf -C task_struct,N/A,N/A,
struct task_struct,4608,pi_waiters,2200,0x898,BTF type_id=462 bits_offset=17600,DWARF pahole -F btf -C task_struct,0x898,IDENTICAL,Matches ZG3 macro FAKE_TASK_PI_WAITERS_OFF
struct task_struct,4608,pi_top_task,2216,0x8a8,BTF type_id=462 bits_offset=17728,DWARF pahole -F btf -C task_struct,0x8a8,IDENTICAL,Matches ZG3 macro FAKE_TASK_PI_TOP_TASK_OFF
struct task_struct,4608,pi_blocked_on,2224,0x8b0,BTF type_id=462 bits_offset=17792,DWARF pahole -F btf -C task_struct,0x8b0,IDENTICAL,Matches ZG3 macro FAKE_TASK_PI_BLOCKED_ON_OFF
struct task_struct,4608,journal_info,2232,0x8b8,BTF type_id=462 bits_offset=17856,DWARF pahole -F btf -C task_struct,N/A,N/A,
struct task_struct,4608,bio_list,2240,0x8c0,BTF type_id=462 bits_offset=17920,DWARF pahole -F btf -C task_struct,N/A,N/A,
struct task_struct,4608,plug,2248,0x8c8,BTF type_id=462 bits_offset=17984,DWARF pahole -F btf -C task_struct,N/A,N/A,
struct task_struct,4608,reclaim_state,2256,0x8d0,BTF type_id=462 bits_offset=18048,DWARF pahole -F btf -C task_struct,N/A,N/A,
struct task_struct,4608,backing_dev_info,2264,0x8d8,BTF type_id=462 bits_offset=18112,DWARF pahole -F btf -C task_struct,N/A,N/A,
struct task_struct,4608,io_context,2272,0x8e0,BTF type_id=462 bits_offset=18176,DWARF pahole -F btf -C task_struct,N/A,N/A,
struct task_struct,4608,capture_control,2280,0x8e8,BTF type_id=462 bits_offset=18240,DWARF pahole -F btf -C task_struct,N/A,N/A,
struct task_struct,4608,ptrace_message,2288,0x8f0,BTF type_id=462 bits_offset=18304,DWARF pahole -F btf -C task_struct,N/A,N/A,
struct task_struct,4608,last_siginfo,2296,0x8f8,BTF type_id=462 bits_offset=18368,DWARF pahole -F btf -C task_struct,N/A,N/A,
struct task_struct,4608,ioac,2304,0x900,BTF type_id=462 bits_offset=18432,DWARF pahole -F btf -C task_struct,N/A,N/A,
struct task_struct,4608,psi_flags,2368,0x940,BTF type_id=462 bits_offset=18944,DWARF pahole -F btf -C task_struct,N/A,N/A,
struct task_struct,4608,acct_rss_mem1,2376,0x948,BTF type_id=462 bits_offset=19008,DWARF pahole -F btf -C task_struct,N/A,N/A,
struct task_struct,4608,acct_vm_mem1,2384,0x950,BTF type_id=462 bits_offset=19072,DWARF pahole -F btf -C task_struct,N/A,N/A,
struct task_struct,4608,acct_timexpd,2392,0x958,BTF type_id=462 bits_offset=19136,DWARF pahole -F btf -C task_struct,N/A,N/A,
struct task_struct,4608,mems_allowed,2400,0x960,BTF type_id=462 bits_offset=19200,DWARF pahole -F btf -C task_struct,N/A,N/A,
struct task_struct,4608,mems_allowed_seq,2408,0x968,BTF type_id=462 bits_offset=19264,DWARF pahole -F btf -C task_struct,N/A,N/A,
struct task_struct,4608,cpuset_mem_spread_rotor,2412,0x96c,BTF type_id=462 bits_offset=19296,DWARF pahole -F btf -C task_struct,N/A,N/A,
struct task_struct,4608,cpuset_slab_spread_rotor,2416,0x970,BTF type_id=462 bits_offset=19328,DWARF pahole -F btf -C task_struct,N/A,N/A,
struct task_struct,4608,cgroups,2424,0x978,BTF type_id=462 bits_offset=19392,DWARF pahole -F btf -C task_struct,N/A,N/A,
struct task_struct,4608,cg_list,2432,0x980,BTF type_id=462 bits_offset=19456,DWARF pahole -F btf -C task_struct,N/A,N/A,
struct task_struct,4608,robust_list,2448,0x990,BTF type_id=462 bits_offset=19584,DWARF pahole -F btf -C task_struct,N/A,N/A,
struct task_struct,4608,compat_robust_list,2456,0x998,BTF type_id=462 bits_offset=19648,DWARF pahole -F btf -C task_struct,N/A,N/A,
struct task_struct,4608,pi_state_list,2464,0x9a0,BTF type_id=462 bits_offset=19712,DWARF pahole -F btf -C task_struct,N/A,N/A,
struct task_struct,4608,pi_state_cache,2480,0x9b0,BTF type_id=462 bits_offset=19840,DWARF pahole -F btf -C task_struct,N/A,N/A,
struct task_struct,4608,futex_exit_mutex,2488,0x9b8,BTF type_id=462 bits_offset=19904,DWARF pahole -F btf -C task_struct,N/A,N/A,
struct task_struct,4608,futex_state,2536,0x9e8,BTF type_id=462 bits_offset=20288,DWARF pahole -F btf -C task_struct,N/A,N/A,
struct task_struct,4608,perf_event_ctxp,2544,0x9f0,BTF type_id=462 bits_offset=20352,DWARF pahole -F btf -C task_struct,N/A,N/A,
struct task_struct,4608,perf_event_mutex,2560,0xa00,BTF type_id=462 bits_offset=20480,DWARF pahole -F btf -C task_struct,N/A,N/A,
struct task_struct,4608,perf_event_list,2608,0xa30,BTF type_id=462 bits_offset=20864,DWARF pahole -F btf -C task_struct,N/A,N/A,
struct task_struct,4608,tlb_ubc,2624,0xa40,BTF type_id=462 bits_offset=20992,DWARF pahole -F btf -C task_struct,N/A,N/A,
struct task_struct,4608,(anon),2624,0xa40,BTF type_id=462 bits_offset=20992,DWARF pahole -F btf -C task_struct,N/A,N/A,
struct task_struct,4608,splice_pipe,2640,0xa50,BTF type_id=462 bits_offset=21120,DWARF pahole -F btf -C task_struct,N/A,N/A,
struct task_struct,4608,task_frag,2648,0xa58,BTF type_id=462 bits_offset=21184,DWARF pahole -F btf -C task_struct,N/A,N/A,
struct task_struct,4608,nr_dirtied,2664,0xa68,BTF type_id=462 bits_offset=21312,DWARF pahole -F btf -C task_struct,N/A,N/A,
struct task_struct,4608,nr_dirtied_pause,2668,0xa6c,BTF type_id=462 bits_offset=21344,DWARF pahole -F btf -C task_struct,N/A,N/A,
struct task_struct,4608,dirty_paused_when,2672,0xa70,BTF type_id=462 bits_offset=21376,DWARF pahole -F btf -C task_struct,N/A,N/A,
struct task_struct,4608,timer_slack_ns,2680,0xa78,BTF type_id=462 bits_offset=21440,DWARF pahole -F btf -C task_struct,N/A,N/A,
struct task_struct,4608,default_timer_slack_ns,2688,0xa80,BTF type_id=462 bits_offset=21504,DWARF pahole -F btf -C task_struct,N/A,N/A,
struct task_struct,4608,kunit_test,2696,0xa88,BTF type_id=462 bits_offset=21568,DWARF pahole -F btf -C task_struct,N/A,N/A,
struct task_struct,4608,trace,2704,0xa90,BTF type_id=462 bits_offset=21632,DWARF pahole -F btf -C task_struct,N/A,N/A,
struct task_struct,4608,trace_recursion,2712,0xa98,BTF type_id=462 bits_offset=21696,DWARF pahole -F btf -C task_struct,N/A,N/A,
struct task_struct,4608,memcg_in_oom,2720,0xaa0,BTF type_id=462 bits_offset=21760,DWARF pahole -F btf -C task_struct,N/A,N/A,
struct task_struct,4608,memcg_oom_gfp_mask,2728,0xaa8,BTF type_id=462 bits_offset=21824,DWARF pahole -F btf -C task_struct,N/A,N/A,
struct task_struct,4608,memcg_oom_order,2732,0xaac,BTF type_id=462 bits_offset=21856,DWARF pahole -F btf -C task_struct,N/A,N/A,
struct task_struct,4608,memcg_nr_pages_over_high,2736,0xab0,BTF type_id=462 bits_offset=21888,DWARF pahole -F btf -C task_struct,N/A,N/A,
struct task_struct,4608,active_memcg,2744,0xab8,BTF type_id=462 bits_offset=21952,DWARF pahole -F btf -C task_struct,N/A,N/A,
struct task_struct,4608,throttle_queue,2752,0xac0,BTF type_id=462 bits_offset=22016,DWARF pahole -F btf -C task_struct,N/A,N/A,
struct task_struct,4608,utask,2760,0xac8,BTF type_id=462 bits_offset=22080,DWARF pahole -F btf -C task_struct,N/A,N/A,
struct task_struct,4608,kmap_ctrl,2768,0xad0,BTF type_id=462 bits_offset=22144,DWARF pahole -F btf -C task_struct,N/A,N/A,
struct task_struct,4608,pagefault_disabled,2768,0xad0,BTF type_id=462 bits_offset=22144,DWARF pahole -F btf -C task_struct,N/A,N/A,
struct task_struct,4608,oom_reaper_list,2776,0xad8,BTF type_id=462 bits_offset=22208,DWARF pahole -F btf -C task_struct,N/A,N/A,
struct task_struct,4608,oom_reaper_timer,2784,0xae0,BTF type_id=462 bits_offset=22272,DWARF pahole -F btf -C task_struct,N/A,N/A,
struct task_struct,4608,stack_vm_area,2840,0xb18,BTF type_id=462 bits_offset=22720,DWARF pahole -F btf -C task_struct,N/A,N/A,
struct task_struct,4608,stack_refcount,2848,0xb20,BTF type_id=462 bits_offset=22784,DWARF pahole -F btf -C task_struct,N/A,N/A,
struct task_struct,4608,security,2856,0xb28,BTF type_id=462 bits_offset=22848,DWARF pahole -F btf -C task_struct,N/A,N/A,
struct task_struct,4608,bpf_storage,2864,0xb30,BTF type_id=462 bits_offset=22912,DWARF pahole -F btf -C task_struct,N/A,N/A,
struct task_struct,4608,bpf_ctx,2872,0xb38,BTF type_id=462 bits_offset=22976,DWARF pahole -F btf -C task_struct,N/A,N/A,
struct task_struct,4608,android_vendor_data1,2880,0xb40,BTF type_id=462 bits_offset=23040,DWARF pahole -F btf -C task_struct,N/A,N/A,
struct task_struct,4608,android_oem_data1,3392,0xd40,BTF type_id=462 bits_offset=27136,DWARF pahole -F btf -C task_struct,N/A,N/A,
struct task_struct,4608,kretprobe_instances,3440,0xd70,BTF type_id=462 bits_offset=27520,DWARF pahole -F btf -C task_struct,N/A,N/A,
struct task_struct,4608,android_kabi_reserved1,3448,0xd78,BTF type_id=462 bits_offset=27584,DWARF pahole -F btf -C task_struct,N/A,N/A,
struct task_struct,4608,android_kabi_reserved2,3456,0xd80,BTF type_id=462 bits_offset=27648,DWARF pahole -F btf -C task_struct,N/A,N/A,
struct task_struct,4608,android_kabi_reserved3,3464,0xd88,BTF type_id=462 bits_offset=27712,DWARF pahole -F btf -C task_struct,N/A,N/A,
struct task_struct,4608,android_kabi_reserved4,3472,0xd90,BTF type_id=462 bits_offset=27776,DWARF pahole -F btf -C task_struct,N/A,N/A,
struct task_struct,4608,android_kabi_reserved5,3480,0xd98,BTF type_id=462 bits_offset=27840,DWARF pahole -F btf -C task_struct,N/A,N/A,
struct task_struct,4608,android_kabi_reserved6,3488,0xda0,BTF type_id=462 bits_offset=27904,DWARF pahole -F btf -C task_struct,N/A,N/A,
struct task_struct,4608,android_kabi_reserved7,3496,0xda8,BTF type_id=462 bits_offset=27968,DWARF pahole -F btf -C task_struct,N/A,N/A,
struct task_struct,4608,android_kabi_reserved8,3504,0xdb0,BTF type_id=462 bits_offset=28032,DWARF pahole -F btf -C task_struct,N/A,N/A,
struct task_struct,4608,thread,3520,0xdc0,BTF type_id=462 bits_offset=28160,DWARF pahole -F btf -C task_struct,N/A,N/A,
struct rb_root_cached,16,rb_root,0,0x0,BTF type_id=496 bits_offset=0,DWARF pahole -F btf -C rb_root_cached,N/A,N/A,
struct rb_root_cached,16,rb_leftmost,8,0x8,BTF type_id=496 bits_offset=64,DWARF pahole -F btf -C rb_root_cached,N/A,N/A,
struct cred,176,usage,0,0x0,BTF type_id=553 bits_offset=0,DWARF pahole -F btf -C cred,N/A,N/A,
struct cred,176,uid,4,0x4,BTF type_id=553 bits_offset=32,DWARF pahole -F btf -C cred,N/A,N/A,
struct cred,176,gid,8,0x8,BTF type_id=553 bits_offset=64,DWARF pahole -F btf -C cred,N/A,N/A,
struct cred,176,suid,12,0xc,BTF type_id=553 bits_offset=96,DWARF pahole -F btf -C cred,N/A,N/A,
struct cred,176,sgid,16,0x10,BTF type_id=553 bits_offset=128,DWARF pahole -F btf -C cred,N/A,N/A,
struct cred,176,euid,20,0x14,BTF type_id=553 bits_offset=160,DWARF pahole -F btf -C cred,N/A,N/A,
struct cred,176,egid,24,0x18,BTF type_id=553 bits_offset=192,DWARF pahole -F btf -C cred,N/A,N/A,
struct cred,176,fsuid,28,0x1c,BTF type_id=553 bits_offset=224,DWARF pahole -F btf -C cred,N/A,N/A,
struct cred,176,fsgid,32,0x20,BTF type_id=553 bits_offset=256,DWARF pahole -F btf -C cred,N/A,N/A,
struct cred,176,securebits,36,0x24,BTF type_id=553 bits_offset=288,DWARF pahole -F btf -C cred,N/A,N/A,
struct cred,176,cap_inheritable,40,0x28,BTF type_id=553 bits_offset=320,DWARF pahole -F btf -C cred,N/A,N/A,
struct cred,176,cap_permitted,48,0x30,BTF type_id=553 bits_offset=384,DWARF pahole -F btf -C cred,N/A,N/A,
struct cred,176,cap_effective,56,0x38,BTF type_id=553 bits_offset=448,DWARF pahole -F btf -C cred,N/A,N/A,
struct cred,176,cap_bset,64,0x40,BTF type_id=553 bits_offset=512,DWARF pahole -F btf -C cred,N/A,N/A,
struct cred,176,cap_ambient,72,0x48,BTF type_id=553 bits_offset=576,DWARF pahole -F btf -C cred,N/A,N/A,
struct cred,176,jit_keyring,80,0x50,BTF type_id=553 bits_offset=640,DWARF pahole -F btf -C cred,N/A,N/A,
struct cred,176,session_keyring,88,0x58,BTF type_id=553 bits_offset=704,DWARF pahole -F btf -C cred,N/A,N/A,
struct cred,176,process_keyring,96,0x60,BTF type_id=553 bits_offset=768,DWARF pahole -F btf -C cred,N/A,N/A,
struct cred,176,thread_keyring,104,0x68,BTF type_id=553 bits_offset=832,DWARF pahole -F btf -C cred,N/A,N/A,
struct cred,176,request_key_auth,112,0x70,BTF type_id=553 bits_offset=896,DWARF pahole -F btf -C cred,N/A,N/A,
struct cred,176,security,120,0x78,BTF type_id=553 bits_offset=960,DWARF pahole -F btf -C cred,N/A,N/A,
struct cred,176,user,128,0x80,BTF type_id=553 bits_offset=1024,DWARF pahole -F btf -C cred,N/A,N/A,
struct cred,176,user_ns,136,0x88,BTF type_id=553 bits_offset=1088,DWARF pahole -F btf -C cred,N/A,N/A,
struct cred,176,ucounts,144,0x90,BTF type_id=553 bits_offset=1152,DWARF pahole -F btf -C cred,N/A,N/A,
struct cred,176,group_info,152,0x98,BTF type_id=553 bits_offset=1216,DWARF pahole -F btf -C cred,N/A,N/A,
struct cred,176,(anon),160,0xa0,BTF type_id=553 bits_offset=1280,DWARF pahole -F btf -C cred,N/A,N/A,
struct work_struct,48,data,0,0x0,BTF type_id=610 bits_offset=0,DWARF pahole -F btf -C work_struct,0x00,IDENTICAL,Matches ZG3 macro WORK_DATA_OFF
struct work_struct,48,entry,8,0x8,BTF type_id=610 bits_offset=64,DWARF pahole -F btf -C work_struct,0x08,IDENTICAL,Matches ZG3 macro WORK_ENTRY_OFF
struct work_struct,48,func,24,0x18,BTF type_id=610 bits_offset=192,DWARF pahole -F btf -C work_struct,0x18,IDENTICAL,Matches ZG3 macro WORK_FUNC_OFF
struct work_struct,48,android_kabi_reserved1,32,0x20,BTF type_id=610 bits_offset=256,DWARF pahole -F btf -C work_struct,N/A,N/A,
struct work_struct,48,android_kabi_reserved2,40,0x28,BTF type_id=610 bits_offset=320,DWARF pahole -F btf -C work_struct,N/A,N/A,
struct rt_mutex_waiter,88,tree_entry,0,0x0,BTF type_id=7917 bits_offset=0,DWARF pahole -F btf -C rt_mutex_waiter,N/A,N/A,
struct rt_mutex_waiter,88,pi_tree_entry,24,0x18,BTF type_id=7917 bits_offset=192,DWARF pahole -F btf -C rt_mutex_waiter,0x18,IDENTICAL,Matches ZG3 macro FAKE_WAITER_PI_TREE_ENTRY_OFF
struct rt_mutex_waiter,88,task,48,0x30,BTF type_id=7917 bits_offset=384,DWARF pahole -F btf -C rt_mutex_waiter,0x30,IDENTICAL,Matches ZG3 macro FAKE_WAITER_TASK_OFF
struct rt_mutex_waiter,88,lock,56,0x38,BTF type_id=7917 bits_offset=448,DWARF pahole -F btf -C rt_mutex_waiter,0x38,IDENTICAL,Matches ZG3 macro FAKE_WAITER_LOCK_OFF
struct rt_mutex_waiter,88,wake_state,64,0x40,BTF type_id=7917 bits_offset=512,DWARF pahole -F btf -C rt_mutex_waiter,0x40,IDENTICAL,Matches ZG3 macro FAKE_WAITER_WAKE_STATE_OFF
struct rt_mutex_waiter,88,prio,68,0x44,BTF type_id=7917 bits_offset=544,DWARF pahole -F btf -C rt_mutex_waiter,0x44,IDENTICAL,Matches ZG3 macro FAKE_WAITER_PRIO_OFF
struct rt_mutex_waiter,88,deadline,72,0x48,BTF type_id=7917 bits_offset=576,DWARF pahole -F btf -C rt_mutex_waiter,0x48,IDENTICAL,Matches ZG3 macro FAKE_WAITER_DEADLINE_OFF
struct rt_mutex_waiter,88,ww_ctx,80,0x50,BTF type_id=7917 bits_offset=640,DWARF pahole -F btf -C rt_mutex_waiter,0x50,IDENTICAL,Matches ZG3 macro FAKE_WAITER_WW_CTX_OFF
struct rt_mutex_base,32,wait_lock,0,0x0,BTF type_id=7919 bits_offset=0,DWARF pahole -F btf -C rt_mutex_base,N/A,N/A,
struct rt_mutex_base,32,waiters,8,0x8,BTF type_id=7919 bits_offset=64,DWARF pahole -F btf -C rt_mutex_base,N/A,N/A,
struct rt_mutex_base,32,owner,24,0x18,BTF type_id=7919 bits_offset=192,DWARF pahole -F btf -C rt_mutex_base,N/A,N/A,
struct rt_mutex,32,rtmutex,0,0x0,BTF type_id=7921 bits_offset=0,DWARF pahole -F btf -C rt_mutex,N/A,N/A,
struct mm_struct,992,entire_struct,0,0x0,BTF/Kbuild vmlinux offset=0,DWARF/pahole verified,0x400,IDENTICAL,sizeof=992 (0x3e0); slab cache bucket is kmalloc-1k (0x400)
struct page,64,entire_struct,0,0x0,BTF/Kbuild vmlinux offset=0,DWARF/pahole verified,0x40,IDENTICAL,Exact struct page size
struct page,64,compound_head,8,0x8,BTF/Kbuild vmlinux offset=8,DWARF/pahole verified,0x08,IDENTICAL,Union compound_head in page
struct page,64,slab_cache,24,0x18,BTF/Kbuild vmlinux offset=24,DWARF/pahole verified,0x18,IDENTICAL,slab_cache pointer in slab page
struct page,64,page_type,48,0x30,BTF/Kbuild vmlinux offset=48,DWARF/pahole verified,0x30,IDENTICAL,page_type field in page
struct workqueue_struct,320,dfl_pwq,176,0xb0,BTF/Kbuild vmlinux offset=176,DWARF/pahole verified,0xb0,IDENTICAL,Default pool_workqueue pointer
struct pool_workqueue,256,pool,0,0x0,BTF/Kbuild vmlinux offset=0,DWARF/pahole verified,0x00,IDENTICAL,Worker pool pointer
struct pool_workqueue,256,wq,8,0x8,BTF/Kbuild vmlinux offset=8,DWARF/pahole verified,0x08,IDENTICAL,Workqueue pointer
struct pool_workqueue,256,work_color,16,0x10,BTF/Kbuild vmlinux offset=16,DWARF/pahole verified,0x10,IDENTICAL,Work color indicator
struct pool_workqueue,256,refcnt,24,0x18,BTF/Kbuild vmlinux offset=24,DWARF/pahole verified,0x18,IDENTICAL,Reference count
struct pool_workqueue,256,nr_in_flight,28,0x1c,BTF/Kbuild vmlinux offset=28,DWARF/pahole verified,0x1c,IDENTICAL,In-flight works array
struct pool_workqueue,256,nr_active,92,0x5c,BTF/Kbuild vmlinux offset=92,DWARF/pahole verified,0x5c,IDENTICAL,Number of active works
struct pool_workqueue,256,max_active,96,0x60,BTF/Kbuild vmlinux offset=96,DWARF/pahole verified,0x60,IDENTICAL,Maximum active works
struct worker_pool,896,worklist,32,0x20,BTF/Kbuild vmlinux offset=32,DWARF/pahole verified,0x20,IDENTICAL,Pending worklist head
struct worker_pool,896,nr_idle,52,0x34,BTF/Kbuild vmlinux offset=52,DWARF/pahole verified,0x34,IDENTICAL,Idle workers count
struct configfs_buffer,112,page,16,0x10,BTF/Kbuild vmlinux offset=16,DWARF/pahole verified,16,IDENTICAL,Page buffer pointer
struct configfs_buffer,112,needs_read_fill,80,0x50,BTF/Kbuild vmlinux offset=80,DWARF/pahole verified,80,IDENTICAL,Read fill flag
struct configfs_buffer,112,bin_buffer,88,0x58,BTF/Kbuild vmlinux offset=88,DWARF/pahole verified,88,IDENTICAL,Binary buffer pointer
struct configfs_buffer,112,bin_buffer_size,96,0x60,BTF/Kbuild vmlinux offset=96,DWARF/pahole verified,96,IDENTICAL,Binary buffer size
struct configfs_buffer,112,cb_max_size,100,0x64,BTF/Kbuild vmlinux offset=100,DWARF/pahole verified,100,IDENTICAL,Callback max size
