SLIDE,ERROR_COUNT,TOTAL_PATTERNS,ACCEPTED_PATTERNS,REJECTED_PATTERNS,MISIDENTIFIED_PATTERNS,WORST_MARGIN,VERDICT
0x000000,1,8,8,0,0,7,ROBUST
0x000000,2,28,28,0,0,6,ROBUST
0x000000,3,56,56,0,0,5,ROBUST
0x004000,1,8,8,0,0,6,ROBUST
0x004000,2,28,28,0,0,5,ROBUST
0x004000,3,56,56,0,0,4,ROBUST
0x008000,1,8,8,0,0,7,ROBUST
0x008000,2,28,28,0,0,6,ROBUST
0x008000,3,56,56,0,0,5,ROBUST
0x00c000,1,8,8,0,0,6,ROBUST
0x00c000,2,28,28,0,0,5,ROBUST
0x00c000,3,56,56,0,0,4,ROBUST
0x010000,1,8,8,0,0,7,ROBUST
0x010000,2,28,28,0,0,6,ROBUST
0x010000,3,56,56,0,0,5,ROBUST
0x014000,1,8,8,0,0,7,ROBUST
0x014000,2,28,28,0,0,6,ROBUST
0x014000,3,56,56,0,0,5,ROBUST
0x018000,1,8,8,0,0,6,ROBUST
0x018000,2,28,28,0,0,5,ROBUST
0x018000,3,56,56,0,0,4,ROBUST
0x01c000,1,8,8,0,0,7,ROBUST
0x01c000,2,28,28,0,0,6,ROBUST
0x01c000,3,56,56,0,0,5,ROBUST
0x020000,1,8,8,0,0,7,ROBUST
0x020000,2,28,28,0,0,6,ROBUST
0x020000,3,56,56,0,0,5,ROBUST
0x024000,1,8,8,0,0,7,ROBUST
0x024000,2,28,28,0,0,6,ROBUST
0x024000,3,56,56,0,0,5,ROBUST
0x028000,1,8,8,0,0,7,ROBUST
0x028000,2,28,28,0,0,6,ROBUST
0x028000,3,56,56,0,0,5,ROBUST
0x02c000,1,8,8,0,0,7,ROBUST
0x02c000,2,28,28,0,0,6,ROBUST
0x02c000,3,56,56,0,0,5,ROBUST
0x030000,1,8,8,0,0,6,ROBUST
0x030000,2,28,28,0,0,5,ROBUST
0x030000,3,56,56,0,0,4,ROBUST
0x034000,1,8,8,0,0,7,ROBUST
0x034000,2,28,28,0,0,6,ROBUST
0x034000,3,56,56,0,0,5,ROBUST
0x038000,1,8,8,0,0,7,ROBUST
0x038000,2,28,28,0,0,6,ROBUST
0x038000,3,56,56,0,0,5,ROBUST
0x03c000,1,8,8,0,0,7,ROBUST
0x03c000,2,28,28,0,0,6,ROBUST
0x03c000,3,56,56,0,0,5,ROBUST
0x040000,1,8,8,0,0,7,ROBUST
0x040000,2,28,28,0,0,6,ROBUST
0x040000,3,56,56,0,0,5,ROBUST
0x044000,1,8,8,0,0,7,ROBUST
0x044000,2,28,28,0,0,6,ROBUST
0x044000,3,56,56,0,0,5,ROBUST
0x048000,1,8,8,0,0,7,ROBUST
0x048000,2,28,28,0,0,6,ROBUST
0x048000,3,56,56,0,0,5,ROBUST
0x04c000,1,8,8,0,0,7,ROBUST
0x04c000,2,28,28,0,0,6,ROBUST
0x04c000,3,56,56,0,0,5,ROBUST
0x050000,1,8,8,0,0,7,ROBUST
0x050000,2,28,28,0,0,6,ROBUST
0x050000,3,56,56,0,0,5,ROBUST
0x054000,1,8,8,0,0,7,ROBUST
0x054000,2,28,28,0,0,6,ROBUST
0x054000,3,56,56,0,0,5,ROBUST
0x058000,1,8,8,0,0,7,ROBUST
0x058000,2,28,28,0,0,6,ROBUST
0x058000,3,56,56,0,0,5,ROBUST
0x05c000,1,8,8,0,0,7,ROBUST
0x05c000,2,28,28,0,0,6,ROBUST
0x05c000,3,56,56,0,0,5,ROBUST
0x060000,1,8,8,0,0,7,ROBUST
0x060000,2,28,28,0,0,6,ROBUST
0x060000,3,56,56,0,0,5,ROBUST
0x064000,1,8,8,0,0,6,ROBUST
0x064000,2,28,28,0,0,5,ROBUST
0x064000,3,56,56,0,0,4,ROBUST
0x068000,1,8,8,0,0,7,ROBUST
0x068000,2,28,28,0,0,6,ROBUST
0x068000,3,56,56,0,0,5,ROBUST
0x06c000,1,8,8,0,0,6,ROBUST
0x06c000,2,28,28,0,0,5,ROBUST
0x06c000,3,56,56,0,0,4,ROBUST
0x070000,1,8,8,0,0,7,ROBUST
0x070000,2,28,28,0,0,6,ROBUST
0x070000,3,56,56,0,0,5,ROBUST
0x074000,1,8,8,0,0,6,ROBUST
0x074000,2,28,28,0,0,5,ROBUST
0x074000,3,56,56,0,0,4,ROBUST
0x078000,1,8,8,0,0,7,ROBUST
0x078000,2,28,28,0,0,6,ROBUST
0x078000,3,56,56,0,0,5,ROBUST
0x07c000,1,8,8,0,0,7,ROBUST
0x07c000,2,28,28,0,0,6,ROBUST
0x07c000,3,56,56,0,0,5,ROBUST
0x080000,1,8,8,0,0,7,ROBUST
0x080000,2,28,28,0,0,6,ROBUST
0x080000,3,56,56,0,0,5,ROBUST
0x084000,1,8,8,0,0,7,ROBUST
0x084000,2,28,28,0,0,6,ROBUST
0x084000,3,56,56,0,0,5,ROBUST
0x088000,1,8,8,0,0,7,ROBUST
0x088000,2,28,28,0,0,6,ROBUST
0x088000,3,56,56,0,0,5,ROBUST
0x08c000,1,8,8,0,0,7,ROBUST
0x08c000,2,28,28,0,0,6,ROBUST
0x08c000,3,56,56,0,0,5,ROBUST
0x090000,1,8,8,0,0,6,ROBUST
0x090000,2,28,28,0,0,5,ROBUST
0x090000,3,56,56,0,0,4,ROBUST
0x094000,1,8,8,0,0,7,ROBUST
0x094000,2,28,28,0,0,6,ROBUST
0x094000,3,56,56,0,0,5,ROBUST
0x098000,1,8,8,0,0,7,ROBUST
0x098000,2,28,28,0,0,6,ROBUST
0x098000,3,56,56,0,0,5,ROBUST
0x09c000,1,8,8,0,0,6,ROBUST
0x09c000,2,28,28,0,0,5,ROBUST
0x09c000,3,56,56,0,0,4,ROBUST
0x0a0000,1,8,8,0,0,7,ROBUST
0x0a0000,2,28,28,0,0,6,ROBUST
0x0a0000,3,56,56,0,0,5,ROBUST
0x0a4000,1,8,8,0,0,7,ROBUST
0x0a4000,2,28,28,0,0,6,ROBUST
0x0a4000,3,56,56,0,0,5,ROBUST
0x0a8000,1,8,8,0,0,6,ROBUST
0x0a8000,2,28,28,0,0,5,ROBUST
0x0a8000,3,56,56,0,0,4,ROBUST
0x0ac000,1,8,8,0,0,7,ROBUST
0x0ac000,2,28,28,0,0,6,ROBUST
0x0ac000,3,56,56,0,0,5,ROBUST
0x0b0000,1,8,8,0,0,7,ROBUST
0x0b0000,2,28,28,0,0,6,ROBUST
0x0b0000,3,56,56,0,0,5,ROBUST
0x0b4000,1,8,8,0,0,7,ROBUST
0x0b4000,2,28,28,0,0,6,ROBUST
0x0b4000,3,56,56,0,0,5,ROBUST
0x0b8000,1,8,8,0,0,7,ROBUST
0x0b8000,2,28,28,0,0,6,ROBUST
0x0b8000,3,56,56,0,0,5,ROBUST
0x0bc000,1,8,8,0,0,7,ROBUST
0x0bc000,2,28,28,0,0,6,ROBUST
0x0bc000,3,56,56,0,0,5,ROBUST
0x0c0000,1,8,8,0,0,7,ROBUST
0x0c0000,2,28,28,0,0,6,ROBUST
0x0c0000,3,56,56,0,0,5,ROBUST
0x0c4000,1,8,8,0,0,7,ROBUST
0x0c4000,2,28,28,0,0,6,ROBUST
0x0c4000,3,56,56,0,0,5,ROBUST
0x0c8000,1,8,8,0,0,7,ROBUST
0x0c8000,2,28,28,0,0,6,ROBUST
0x0c8000,3,56,56,0,0,5,ROBUST
0x0cc000,1,8,8,0,0,7,ROBUST
0x0cc000,2,28,28,0,0,6,ROBUST
0x0cc000,3,56,56,0,0,5,ROBUST
0x0d0000,1,8,8,0,0,7,ROBUST
0x0d0000,2,28,28,0,0,6,ROBUST
0x0d0000,3,56,56,0,0,5,ROBUST
0x0d4000,1,8,8,0,0,7,ROBUST
0x0d4000,2,28,28,0,0,6,ROBUST
0x0d4000,3,56,56,0,0,5,ROBUST
0x0d8000,1,8,8,0,0,6,ROBUST
0x0d8000,2,28,28,0,0,5,ROBUST
0x0d8000,3,56,56,0,0,4,ROBUST
0x0dc000,1,8,8,0,0,7,ROBUST
0x0dc000,2,28,28,0,0,6,ROBUST
0x0dc000,3,56,56,0,0,5,ROBUST
0x0e0000,1,8,8,0,0,7,ROBUST
0x0e0000,2,28,28,0,0,6,ROBUST
0x0e0000,3,56,56,0,0,5,ROBUST
0x0e4000,1,8,8,0,0,6,ROBUST
0x0e4000,2,28,28,0,0,5,ROBUST
0x0e4000,3,56,56,0,0,4,ROBUST
0x0e8000,1,8,8,0,0,7,ROBUST
0x0e8000,2,28,28,0,0,6,ROBUST
0x0e8000,3,56,56,0,0,5,ROBUST
0x0ec000,1,8,8,0,0,7,ROBUST
0x0ec000,2,28,28,0,0,6,ROBUST
0x0ec000,3,56,56,0,0,5,ROBUST
0x0f0000,1,8,8,0,0,7,ROBUST
0x0f0000,2,28,28,0,0,6,ROBUST
0x0f0000,3,56,56,0,0,5,ROBUST
0x0f4000,1,8,8,0,0,7,ROBUST
0x0f4000,2,28,28,0,0,6,ROBUST
0x0f4000,3,56,56,0,0,5,ROBUST
0x0f8000,1,8,8,0,0,7,ROBUST
0x0f8000,2,28,28,0,0,6,ROBUST
0x0f8000,3,56,56,0,0,5,ROBUST
0x0fc000,1,8,8,0,0,7,ROBUST
0x0fc000,2,28,28,0,0,6,ROBUST
0x0fc000,3,56,56,0,0,5,ROBUST
0x100000,1,8,8,0,0,7,ROBUST
0x100000,2,28,28,0,0,6,ROBUST
0x100000,3,56,56,0,0,5,ROBUST
0x104000,1,8,8,0,0,7,ROBUST
0x104000,2,28,28,0,0,6,ROBUST
0x104000,3,56,56,0,0,5,ROBUST
0x108000,1,8,8,0,0,7,ROBUST
0x108000,2,28,28,0,0,6,ROBUST
0x108000,3,56,56,0,0,5,ROBUST
0x10c000,1,8,8,0,0,7,ROBUST
0x10c000,2,28,28,0,0,6,ROBUST
0x10c000,3,56,56,0,0,5,ROBUST
0x110000,1,8,8,0,0,7,ROBUST
0x110000,2,28,28,0,0,6,ROBUST
0x110000,3,56,56,0,0,5,ROBUST
0x114000,1,8,8,0,0,7,ROBUST
0x114000,2,28,28,0,0,6,ROBUST
0x114000,3,56,56,0,0,5,ROBUST
0x118000,1,8,8,0,0,7,ROBUST
0x118000,2,28,28,0,0,6,ROBUST
0x118000,3,56,56,0,0,5,ROBUST
0x11c000,1,8,8,0,0,7,ROBUST
0x11c000,2,28,28,0,0,6,ROBUST
0x11c000,3,56,56,0,0,5,ROBUST
0x120000,1,8,8,0,0,6,ROBUST
0x120000,2,28,28,0,0,5,ROBUST
0x120000,3,56,56,0,0,4,ROBUST
0x124000,1,8,8,0,0,7,ROBUST
0x124000,2,28,28,0,0,6,ROBUST
0x124000,3,56,56,0,0,5,ROBUST
0x128000,1,8,8,0,0,7,ROBUST
0x128000,2,28,28,0,0,6,ROBUST
0x128000,3,56,56,0,0,5,ROBUST
0x12c000,1,8,8,0,0,7,ROBUST
0x12c000,2,28,28,0,0,6,ROBUST
0x12c000,3,56,56,0,0,5,ROBUST
0x130000,1,8,8,0,0,7,ROBUST
0x130000,2,28,28,0,0,6,ROBUST
0x130000,3,56,56,0,0,5,ROBUST
0x134000,1,8,8,0,0,7,ROBUST
0x134000,2,28,28,0,0,6,ROBUST
0x134000,3,56,56,0,0,5,ROBUST
0x138000,1,8,8,0,0,7,ROBUST
0x138000,2,28,28,0,0,6,ROBUST
0x138000,3,56,56,0,0,5,ROBUST
0x13c000,1,8,8,0,0,7,ROBUST
0x13c000,2,28,28,0,0,6,ROBUST
0x13c000,3,56,56,0,0,5,ROBUST
0x140000,1,8,8,0,0,7,ROBUST
0x140000,2,28,28,0,0,6,ROBUST
0x140000,3,56,56,0,0,5,ROBUST
0x144000,1,8,8,0,0,7,ROBUST
0x144000,2,28,28,0,0,6,ROBUST
0x144000,3,56,56,0,0,5,ROBUST
0x148000,1,8,8,0,0,5,ROBUST
0x148000,2,28,28,0,0,4,ROBUST
0x148000,3,56,56,0,0,3,ROBUST
0x14c000,1,8,8,0,0,7,ROBUST
0x14c000,2,28,28,0,0,6,ROBUST
0x14c000,3,56,56,0,0,5,ROBUST
0x150000,1,8,8,0,0,7,ROBUST
0x150000,2,28,28,0,0,6,ROBUST
0x150000,3,56,56,0,0,5,ROBUST
0x154000,1,8,8,0,0,7,ROBUST
0x154000,2,28,28,0,0,6,ROBUST
0x154000,3,56,56,0,0,5,ROBUST
0x158000,1,8,8,0,0,7,ROBUST
0x158000,2,28,28,0,0,6,ROBUST
0x158000,3,56,56,0,0,5,ROBUST
0x15c000,1,8,8,0,0,7,ROBUST
0x15c000,2,28,28,0,0,6,ROBUST
0x15c000,3,56,56,0,0,5,ROBUST
0x160000,1,8,8,0,0,7,ROBUST
0x160000,2,28,28,0,0,6,ROBUST
0x160000,3,56,56,0,0,5,ROBUST
0x164000,1,8,8,0,0,7,ROBUST
0x164000,2,28,28,0,0,6,ROBUST
0x164000,3,56,56,0,0,5,ROBUST
0x168000,1,8,8,0,0,7,ROBUST
0x168000,2,28,28,0,0,6,ROBUST
0x168000,3,56,56,0,0,5,ROBUST
0x16c000,1,8,8,0,0,7,ROBUST
0x16c000,2,28,28,0,0,6,ROBUST
0x16c000,3,56,56,0,0,5,ROBUST
0x170000,1,8,8,0,0,7,ROBUST
0x170000,2,28,28,0,0,6,ROBUST
0x170000,3,56,56,0,0,5,ROBUST
0x174000,1,8,8,0,0,6,ROBUST
0x174000,2,28,28,0,0,5,ROBUST
0x174000,3,56,56,0,0,4,ROBUST
0x178000,1,8,8,0,0,7,ROBUST
0x178000,2,28,28,0,0,6,ROBUST
0x178000,3,56,56,0,0,5,ROBUST
0x17c000,1,8,8,0,0,7,ROBUST
0x17c000,2,28,28,0,0,6,ROBUST
0x17c000,3,56,56,0,0,5,ROBUST
0x180000,1,8,8,0,0,6,ROBUST
0x180000,2,28,28,0,0,5,ROBUST
0x180000,3,56,56,0,0,4,ROBUST
0x184000,1,8,8,0,0,6,ROBUST
0x184000,2,28,28,0,0,5,ROBUST
0x184000,3,56,56,0,0,4,ROBUST
0x188000,1,8,8,0,0,7,ROBUST
0x188000,2,28,28,0,0,6,ROBUST
0x188000,3,56,56,0,0,5,ROBUST
0x18c000,1,8,8,0,0,7,ROBUST
0x18c000,2,28,28,0,0,6,ROBUST
0x18c000,3,56,56,0,0,5,ROBUST
0x190000,1,8,8,0,0,7,ROBUST
0x190000,2,28,28,0,0,6,ROBUST
0x190000,3,56,56,0,0,5,ROBUST
0x194000,1,8,8,0,0,6,ROBUST
0x194000,2,28,28,0,0,5,ROBUST
0x194000,3,56,56,0,0,4,ROBUST
0x198000,1,8,8,0,0,7,ROBUST
0x198000,2,28,28,0,0,6,ROBUST
0x198000,3,56,56,0,0,5,ROBUST
0x19c000,1,8,8,0,0,7,ROBUST
0x19c000,2,28,28,0,0,6,ROBUST
0x19c000,3,56,56,0,0,5,ROBUST
0x1a0000,1,8,8,0,0,7,ROBUST
0x1a0000,2,28,28,0,0,6,ROBUST
0x1a0000,3,56,56,0,0,5,ROBUST
0x1a4000,1,8,8,0,0,7,ROBUST
0x1a4000,2,28,28,0,0,6,ROBUST
0x1a4000,3,56,56,0,0,5,ROBUST
0x1a8000,1,8,8,0,0,7,ROBUST
0x1a8000,2,28,28,0,0,6,ROBUST
0x1a8000,3,56,56,0,0,5,ROBUST
0x1ac000,1,8,8,0,0,6,ROBUST
0x1ac000,2,28,28,0,0,5,ROBUST
0x1ac000,3,56,56,0,0,4,ROBUST
0x1b0000,1,8,8,0,0,7,ROBUST
0x1b0000,2,28,28,0,0,6,ROBUST
0x1b0000,3,56,56,0,0,5,ROBUST
0x1b4000,1,8,8,0,0,7,ROBUST
0x1b4000,2,28,28,0,0,6,ROBUST
0x1b4000,3,56,56,0,0,5,ROBUST
0x1b8000,1,8,8,0,0,6,ROBUST
0x1b8000,2,28,28,0,0,5,ROBUST
0x1b8000,3,56,56,0,0,4,ROBUST
0x1bc000,1,8,8,0,0,5,ROBUST
0x1bc000,2,28,28,0,0,4,ROBUST
0x1bc000,3,56,56,0,0,3,ROBUST
0x1c0000,1,8,8,0,0,7,ROBUST
0x1c0000,2,28,28,0,0,6,ROBUST
0x1c0000,3,56,56,0,0,5,ROBUST
0x1c4000,1,8,8,0,0,6,ROBUST
0x1c4000,2,28,28,0,0,5,ROBUST
0x1c4000,3,56,56,0,0,4,ROBUST
0x1c8000,1,8,8,0,0,6,ROBUST
0x1c8000,2,28,28,0,0,5,ROBUST
0x1c8000,3,56,56,0,0,4,ROBUST
0x1cc000,1,8,8,0,0,7,ROBUST
0x1cc000,2,28,28,0,0,6,ROBUST
0x1cc000,3,56,56,0,0,5,ROBUST
0x1d0000,1,8,8,0,0,7,ROBUST
0x1d0000,2,28,28,0,0,6,ROBUST
0x1d0000,3,56,56,0,0,5,ROBUST
0x1d4000,1,8,8,0,0,7,ROBUST
0x1d4000,2,28,28,0,0,6,ROBUST
0x1d4000,3,56,56,0,0,5,ROBUST
0x1d8000,1,8,8,0,0,7,ROBUST
0x1d8000,2,28,28,0,0,6,ROBUST
0x1d8000,3,56,56,0,0,5,ROBUST
0x1dc000,1,8,8,0,0,6,ROBUST
0x1dc000,2,28,28,0,0,5,ROBUST
0x1dc000,3,56,56,0,0,4,ROBUST
0x1e0000,1,8,8,0,0,6,ROBUST
0x1e0000,2,28,28,0,0,5,ROBUST
0x1e0000,3,56,56,0,0,4,ROBUST
0x1e4000,1,8,0,8,0,0,SAFE_REJECTION
0x1e4000,2,28,0,28,0,0,SAFE_REJECTION
0x1e4000,3,56,0,56,0,0,SAFE_REJECTION
0x1e8000,1,8,0,8,0,0,SAFE_REJECTION
0x1e8000,2,28,0,28,0,0,SAFE_REJECTION
0x1e8000,3,56,0,56,0,0,SAFE_REJECTION
0x1ec000,1,8,0,8,0,0,SAFE_REJECTION
0x1ec000,2,28,0,28,0,0,SAFE_REJECTION
0x1ec000,3,56,0,56,0,0,SAFE_REJECTION
0x1f0000,1,8,0,8,0,0,SAFE_REJECTION
0x1f0000,2,28,0,28,0,0,SAFE_REJECTION
0x1f0000,3,56,0,56,0,0,SAFE_REJECTION
