SLIDE,WORD_INDEX,ZG3_VALUE,EZE4_VALUE,SAME
0x000000,0,0xf835013fd53cd04a,0xf835013fd53cd04a,YES
0x000000,1,0xf90002e8f9407a68,0xf90002e8f9407a68,YES
0x000000,2,0x1a9f07f8ea080129,0x1a9f07f8ea080129,YES
0x000000,3,0x14000006943d8e36,0x14000006943d8e36,YES
0x000000,4,0xaa1503e1aa1603e0,0xaa1503e1aa1603e0,YES
0x000000,5,0x340000a84a080128,0x340000a84a080128,YES
0x000000,6,0xf9000bf5a9bd7bfd,0xf9000bf5a9bd7bfd,YES
0x000000,7,0x0a290108b94102a9,0x0a290108b94102a9,YES
0x004000,0,0xa90357f6a9025ff8,0xa90357f6a9025ff8,YES
0x004000,1,0x943d785cb5fff9c8,0x943d785cb5fff9c8,YES
0x004000,2,0x910003fda90157f6,0x910003fda90157f6,YES
0x004000,3,0xf000b5c29407fd1e,0xf000b5c29407fd1e,YES
0x004000,4,0x943d9da2aa1803e1,0x943d9da2aa1803e1,YES
0x004000,5,0xeb09011ff94056a8,0xeb09011ff94056a8,YES
0x004000,6,0xd503233f17ffffdb,0xd503233f17ffffdb,YES
0x004000,7,0xf942f108d5384108,0xf942f108d5384108,YES
0x008000,0,0xf90013f5910043fd,0xf90013f5910043fd,YES
0x008000,1,0xb90007e812b00008,0xb90007e812b00008,YES
0x008000,2,0x9280043354000069,0x9280043354000069,YES
0x008000,3,0xc8dffd299100c109,0xc8dffd299100c109,YES
0x008000,4,0x2a1f03e3910003fd,0x2a1f03e3910003fd,YES
0x008000,5,0x910f0000a9067e9f,0x910f0000a9067e9f,YES
0x008000,6,0xf9400668943dacb6,0xf9400668943dacb6,YES
0x008000,7,0xf9408d4c8b090e8b,0xf9408d4c8b090e8b,YES
0x00c000,0,0x97fec60052800033,0x97fec60052800033,YES
0x00c000,1,0xf9000bf3a9be7bfd,0xf9000bf3a9be7bfd,YES
0x00c000,2,0xf9800111d503249f,0xf9800111d503249f,YES
0x00c000,3,0x52800033b4000108,0x52800033b4000108,YES
0x00c000,4,0xa9be7bfdd503233f,0xa9be7bfdd503233f,YES
0x00c000,5,0x35ffff89c809fd02,0x35ffff89c809fd02,YES
0x00c000,6,0xaa0003e1c8dffd00,0xaa0003e1c8dffd00,YES
0x00c000,7,0x35ffffacc80c7d2d,0x35ffffacc80c7d2d,YES
0x010000,0,0xd503201ff82b013f,0xd503201ff82b013f,YES
0x010000,1,0xaa1703e2aa1603e0,0xaa1703e2aa1603e0,YES
0x010000,2,0x9a8a03e8eb09011f,0x9a8a03e8eb09011f,YES
0x010000,3,0xa9067c5f2a0103f5,0xa9067c5f2a0103f5,YES
0x010000,4,0x3600006839402a68,0x3600006839402a68,YES
0x010000,5,0x52800141aa0103e0,0x52800141aa0103e0,YES
0x010000,6,0x11000b482a0203f5,0x11000b482a0203f5,YES
0x010000,7,0xd50323bfa8c57bfd,0xd50323bfa8c57bfd,YES
0x014000,0,0xb400059397ffff8a,0xb400059397ffff8a,YES
0x014000,1,0xaa0003f32a0103f5,0xaa0003f32a0103f5,YES
0x014000,2,0x7100215fb940954a,0x7100215fb940954a,YES
0x014000,3,0x94000130b8008408,0x94000130b8008408,YES
0x014000,4,0xf8488ec8f9000379,0xf8488ec8f9000379,YES
0x014000,5,0xa94757f6a9484ff4,0xa94757f6a9484ff4,YES
0x014000,6,0xeb0c017ff9402ecc,0xeb0c017ff9402ecc,YES
0x014000,7,0xc8dffd29910082c9,0xc8dffd29910082c9,YES
0x018000,0,0xf9000bf9a9bb7bfd,0xf9000bf9a9bb7bfd,YES
0x018000,1,0xf9444d2990007ce9,0xf9444d2990007ce9,YES
0x018000,2,0xf9445129f2401c0a,0xf9445129f2401c0a,YES
0x018000,3,0xaa1403e2910b5c21,0xaa1403e29107fc21,NO
0x018000,4,0xa9be7bfdd503233f,0xa9be7bfdd503233f,YES
0x018000,5,0xaa1703e12a1603e0,0xaa1703e12a1603e0,YES
0x018000,6,0x3941200b91000508,0x3941200b91000508,YES
0x018000,7,0x91000508f9508e68,0x91000508f9508e68,YES
0x01c000,0,0x97fdc26691240000,0x97fdc26691240000,YES
0x01c000,1,0x9131fd0891006289,0x912e9d0891006289,NO
0x01c000,2,0xb9400ac89100635a,0xb9400ac89100635a,YES
0x01c000,3,0xb9400917c8dffec8,0xb9400917c8dffec8,YES
0x01c000,4,0xf940ae79910043eb,0xf940ae79910043eb,YES
0x01c000,5,0x4b09014a54000dc1,0x4b09014a54000dc1,YES
0x01c000,6,0x3607f4489ac82528,0x3607f4489ac82528,YES
0x01c000,7,0x912c42b5d2c0003b,0x912c42b5d2c0003b,YES
0x020000,0,0xeb00013fa9402109,0xeb00013fa9402109,YES
0x020000,1,0x7101311f394006c8,0x7101311f394006c8,YES
0x020000,2,0xa9034ff4a90257f6,0xa9034ff4a90257f6,YES
0x020000,3,0x12800433910042e8,0x12800433910042e8,YES
0x020000,4,0xb9400915c8dffd08,0xb9400915c8dffd08,YES
0x020000,5,0xf00113202a1f03f6,0xf00113202a1f03f6,YES
0x020000,6,0xf8bfc108f8bfc2c8,0xf8bfc108f8bfc2c8,YES
0x020000,7,0x5280056a54000188,0x5280056a54000188,YES
0x024000,0,0xd503233fd5184613,0xd503233fd5184613,YES
0x024000,1,0x6b00011fb8696908,0x6b00011fb8696908,YES
0x024000,2,0xd0010df737000328,0xd0010df737000328,YES
0x024000,3,0x0a08016812800000,0x0a08016812800000,YES
0x024000,4,0x140000069117e294,0x140000069117e294,YES
0x024000,5,0xaa1f03e452800023,0xaa1f03e452800023,YES
0x024000,6,0x9ad32508f8685928,0x9ad32508f8685928,YES
0x024000,7,0x97fcbe325a9f1121,0x97fcbe325a9f1121,YES
0x028000,0,0x36c7fae9f9432929,0x36c7fae9f9432929,YES
0x028000,1,0xf85f03b51280fff9,0xf85f03b51280fff9,YES
0x028000,2,0xd503201f3500008b,0xd503201f3500008b,YES
0x028000,3,0x54000241eb08031f,0x54000241eb08031f,YES
0x028000,4,0xeb08031fc8dfff08,0xeb08031fc8dfff08,YES
0x028000,5,0x17ffffdc5280140b,0x17ffffdc5280140b,YES
0x028000,6,0x51000508b94ad368,0x51000508b94ad368,YES
0x028000,7,0xd5182008d5033fdf,0xd5182008d5033fdf,YES
0x02c000,0,0xaa0003f354000080,0xaa0003f354000080,YES
0x02c000,1,0xd503233f17fffff3,0xd503233f17fffff3,YES
0x02c000,2,0xd50323bfa8c27bfd,0xd50323bfa8c27bfd,YES
0x02c000,3,0x94062be82a1f03e1,0x94062be82a1f03e1,YES
0x02c000,4,0x91009280f9401914,0x91009280f9401914,YES
0x02c000,5,0x2a1f03e1f9402680,0x2a1f03e1f9402680,YES
0x02c000,6,0xa8c17bfd94000c50,0xa8c17bfd94000c50,YES
0x02c000,7,0x0a611d08f942f129,0x0a611d08f942f129,YES
0x030000,0,0xf829111f1400003d,0xf829111f1400003d,YES
0x030000,1,0xf0010e36f9428f08,0xf0010e36f9428f08,YES
0x030000,2,0x2a1f03e0d63f0100,0x2a1f03e0d63f0100,YES
0x030000,3,0xd50323bfa8c47bfd,0xd50323bfa8c47bfd,YES
0x030000,4,0xf9400100350000e9,0xf9400100350000e9,YES
0x030000,5,0xd65f03c0d50323bf,0xd65f03c0d50323bf,YES
0x030000,6,0x540002017100041f,0x540002017100041f,YES
0x030000,7,0xf8e91109aa1403e9,0xf8e91109aa1403e9,YES
0x034000,0,0x97ff65f7f9404816,0x97ff65f7f9404816,YES
0x034000,1,0x1400002397fd98f6,0x1400002397fd98f6,YES
0x034000,2,0xd538410897ff64f8,0xd538410897ff64f8,YES
0x034000,3,0x97fffed6aa1303e0,0x97fffed6aa1303e0,YES
0x034000,4,0xf90006953607fd60,0xf90006953607fd60,YES
0x034000,5,0xaa0b03e0c8ebfd42,0xaa0b03e0c8ebfd42,YES
0x034000,6,0xb945b6c8b40001a8,0xb945b6c8b40001a8,YES
0x034000,7,0x4a800d00aa0103f4,0x4a800d00aa0103f4,YES
0x038000,0,0x943e3493d65f03c0,0x943e3493d65f03c0,YES
0x038000,1,0xf9400af9aa1703e0,0xf9400af9aa1703e0,YES
0x038000,2,0xf8bfc328f8bfc348,0xf8bfc328f8bfc348,YES
0x038000,3,0xaa0003e154fffd40,0xaa0003e154fffd40,YES
0x038000,4,0xf9402288d63f0100,0xf9402288d63f0100,YES
0x038000,5,0xa9437bfda9444ff4,0xa9437bfda9444ff4,YES
0x038000,6,0xb9400815a902ffff,0xb9400815a902ffff,YES
0x038000,7,0xb40003a8f9402108,0xb40003a8f9402108,YES
0x03c000,0,0xf0012009f901752b,0xf0012009f901752b,YES
0x03c000,1,0x72a0002a528a300a,0x72a0002a528a300a,YES
0x03c000,2,0x37000648b9402a6a,0x37000648b9402a6a,YES
0x03c000,3,0x528847ea9b0a7d08,0x528847ea9b0a7d08,YES
0x03c000,4,0x9b0afd2b52801f4a,0x9b0afd2b52801f4a,YES
0x03c000,5,0x5285a009a94123f4,0x5285a009a94123f4,YES
0x03c000,6,0x53017c4d2a0303ec,0x53017c4d2a0303ec,YES
0x03c000,7,0x540000c0eb13029f,0x540000c0eb13029f,YES
0x040000,0,0xf0010ec854000802,0xf0010ec854000802,YES
0x040000,1,0x88dfff689100435b,0x88dfff689100435b,YES
0x040000,2,0xa9017bfdd10183ff,0xa9017bfdd10183ff,YES
0x040000,3,0xf9400d08f9401a88,0xf9400d08f9401a88,YES
0x040000,4,0xb900126811000508,0xb900126811000508,YES
0x040000,5,0x97ffe576b9001308,0x97ffe576b9001308,YES
0x040000,6,0xa9412eecd63f0100,0xa9412eecd63f0100,YES
0x040000,7,0x97fd8469aa1603e0,0x97fd8469aa1603e0,YES
0x044000,0,0xf85f83a9f942f108,0xf85f83a9f942f108,YES
0x044000,1,0x9a890329720d037f,0x9a890329720d037f,YES
0x044000,2,0xd42aa240d65f03c0,0xd42aa240d65f03c0,YES
0x044000,3,0xaa1403e08b090114,0xaa1403e08b090114,YES
0x044000,4,0x8b080009f2baf6ca,0x8b080009f2baf6ca,YES
0x044000,5,0xeb09011ff9400ec9,0xeb09011ff9400ec9,YES
0x044000,6,0x943e9cb5aa1303e0,0x943e9cb5aa1303e0,YES
0x044000,7,0xf9400275b40004e8,0xf9400275b40004e8,YES
0x048000,0,0xd50323bf910443ff,0xd50323bf910443ff,YES
0x048000,1,0xd503233f943e7414,0xd503233f943e7414,YES
0x048000,2,0x1100282a51000828,0x1100282a51000828,YES
0x048000,3,0x92993fe95400010d,0x92993fe95400010d,YES
0x048000,4,0xd503233fd65f03c0,0xd503233fd65f03c0,YES
0x048000,5,0xa9402809f81f83a9,0xa9402809f81f83a9,YES
0x048000,6,0xf9001bf5910083fd,0xf9001bf5910083fd,YES
0x048000,7,0xd53841089400202a,0xd53841089400202a,YES
0x04c000,0,0xf000b769f94002c8,0xf000b769f94002c8,YES
0x04c000,1,0xf9400be5aa1a03e0,0xf9400be5aa1a03e0,YES
0x04c000,2,0xdac01129f13ffd1f,0xdac01129f13ffd1f,YES
0x04c000,3,0xb50000a8f9475ac8,0xb50000a8f9475ac8,YES
0x04c000,4,0xaa1303e0b000b161,0xaa1303e0b000b161,YES
0x04c000,5,0x54fffd036b19009f,0x54fffd036b19009f,YES
0x04c000,6,0xb5000042aa0003e1,0xb5000042aa0003e1,YES
0x04c000,7,0xb90011a89b2b354d,0xb90011a89b2b354d,YES
0x050000,0,0x91012009d503233f,0x91012009d503233f,YES
0x050000,1,0xf9400829c8dffd28,0xf9400829c8dffd28,YES
0x050000,2,0xf940080836000208,0xf940080836000208,YES
0x050000,3,0xf940012af9400429,0xf940012af9400429,YES
0x050000,4,0xd50323bf910143ff,0xd50323bf910143ff,YES
0x050000,5,0xd53b4228d65f03c0,0xd53b4228d65f03c0,YES
0x050000,6,0xd50323bf910183ff,0xd50323bf910183ff,YES
0x050000,7,0x540002c0b100067f,0x540002c0b100067f,YES
0x054000,0,0xb9008a7fb9008e7f,0xb9008a7fb9008e7f,YES
0x054000,1,0xa94267faa9435ff8,0xa94267faa9435ff8,YES
0x054000,2,0xd538d088f0010da9,0xd538d088f0010da9,YES
0x054000,3,0xf9403a96aa1403e0,0xf9403a96aa1403e0,YES
0x054000,4,0xaa1403e091220294,0xaa1403e091220294,YES
0x054000,5,0xaa1403e054ffe882,0xaa1403e054ffe882,YES
0x054000,6,0xf9475d43f9404521,0xf9475d43f9404521,YES
0x054000,7,0xf8bfc288f8bfc288,0xf8bfc288f8bfc288,YES
0x058000,0,0x9ad42508f8685928,0x9ad42508f8685928,YES
0x058000,1,0xc8dffd28a901ffff,0xc8dffd28a901ffff,YES
0x058000,2,0xb9400be291042929,0xb9400be29100c929,NO
0x058000,3,0xf00114c8943eee23,0xf00114c8943eee23,YES
0x058000,4,0xd503201ff946e2e3,0xd503201ff946e2e3,YES
0x058000,5,0xf8bfc128f8bfc108,0xf8bfc128f8bfc108,YES
0x058000,6,0x1400005239020a9c,0x1400005239020a9c,YES
0x058000,7,0xb94e2f2054000f82,0xb94e2f2054000f82,YES
0x05c000,0,0xf9405b42b000b1f6,0xf9405b42b000b1f6,YES
0x05c000,1,0x9104f8219000b481,0x910198219000b481,NO
0x05c000,2,0x910003fda9016ffc,0x910003fda9016ffc,YES
0x05c000,3,0x927ef528f9404501,0x927ef528f9404501,YES
0x05c000,4,0xeb0802bf91070108,0xeb0802bf91070108,YES
0x05c000,5,0xb90012c8f1000508,0xb90012c8f1000508,YES
0x05c000,6,0x540007227100801f,0x540007227100801f,YES
0x05c000,7,0xaa1f03e2910003e0,0xaa1f03e2910003e0,YES
0x060000,0,0xf94095088b0802a8,0xf94095088b0802a8,YES
0x060000,1,0xb86969089138014a,0xb86969089138014a,YES
0x060000,2,0xf944c129f9450d08,0xf944c129f9450d08,YES
0x060000,3,0xa8c27bfdf9400bf3,0xa8c27bfdf9400bf3,YES
0x060000,4,0xf240081ff942f108,0xf240081ff942f108,YES
0x060000,5,0xb4000268c8dffd08,0xb4000268c8dffd08,YES
0x060000,6,0xb5ffede8c8dffee8,0xb5ffede8c8dffee8,YES
0x060000,7,0xaa0003e394005e1a,0xaa0003e394005e1a,YES
0x064000,0,0xa9004e7ff940027b,0xa9004e7ff940027b,YES
0x064000,1,0xd50323bfa8c17bfd,0xd50323bfa8c17bfd,YES
0x064000,2,0x941a56a1b94fcad7,0x941a56a1b94fcad7,YES
0x064000,3,0x97ff77c9913ad400,0x97ff77c991377400,NO
0x064000,4,0xd10032c9d11122c8,0xd10032c9d11122c8,YES
0x064000,5,0xd5384108aa0003f3,0xd5384108aa0003f3,YES
0x064000,6,0x9117e2d6b0010e55,0x9117e2d6b0010e55,YES
0x064000,7,0xd4210000d65f03c0,0xd4210000d65f03c0,YES
0x068000,0,0xaa1f03e1aa1a03e0,0xaa1f03e1aa1a03e0,YES
0x068000,1,0xa9055ff8910103fd,0xa9055ff8910103fd,YES
0x068000,2,0xd503233ff8bfc308,0xd503233ff8bfc308,YES
0x068000,3,0x2a0403f3d5384108,0x2a0403f3d5384108,YES
0x068000,4,0xf9002bf7910103fd,0xf9002bf7910103fd,YES
0x068000,5,0xa90557f6910103fd,0xa90557f6910103fd,YES
0x068000,6,0x943ef193d65f03c0,0x943ef193d65f03c0,YES
0x068000,7,0xd50323bf9101c3ff,0xd50323bf9101c3ff,YES
0x06c000,0,0x52800d025281b801,0x52800d025281b801,YES
0x06c000,1,0x52802488b40004c0,0x52802488b40004c0,YES
0x06c000,2,0x910003fda90157f6,0x910003fda90157f6,YES
0x06c000,3,0xb4000689f9401d09,0xb4000689f9401d09,YES
0x06c000,4,0xa9444ff42a1703e0,0xa9444ff42a1703e0,YES
0x06c000,5,0x1400003d372001a8,0x1400003d372001a8,YES
0x06c000,6,0xa90157f6a9bd7bfd,0xa90157f6a9bd7bfd,YES
0x06c000,7,0xf94026a854000381,0xf94026a854000381,YES
0x070000,0,0x17fffffbd4210000,0x17fffffbd4210000,YES
0x070000,1,0x321e01083940e008,0x321e01083940e008,YES
0x070000,2,0x90011580f9000a74,0x90011580f9000a74,YES
0x070000,3,0xa9025ff8910003fd,0xa9025ff8910003fd,YES
0x070000,4,0xa8c57bfda94167fa,0xa8c57bfda94167fa,YES
0x070000,5,0x910301088b140ec8,0x910301088b140ec8,YES
0x070000,6,0x340000a097ffff4e,0x340000a097ffff4e,YES
0x070000,7,0xb40008e0941ab090,0xb40008e0941ab090,YES
0x074000,0,0xaa1303e252800401,0xaa1303e252800401,YES
0x074000,1,0x2a0003f4a9024ff4,0x2a0003f4a9024ff4,YES
0x074000,2,0xd503249fb9000275,0xd503249fb9000275,YES
0x074000,3,0xf9000bf5a9bd7bfd,0xf9000bf5a9bd7bfd,YES
0x074000,4,0x94192fe3aa1303e2,0x94192fe3aa1303e2,YES
0x074000,5,0xd50323bfa8c27bfd,0xd50323bfa8c27bfd,YES
0x074000,6,0x912fd0632a0003f5,0x912fd0632a0003f5,YES
0x074000,7,0xaa1303e252800401,0xaa1303e252800401,YES
0x078000,0,0xd100c3ffd503233f,0xd100c3ffd503233f,YES
0x078000,1,0x370000a097fff953,0x370000a097fff953,YES
0x078000,2,0xb40000e8f9401d08,0xb40000e8f9401d08,YES
0x078000,3,0xaa1403e22a1503e1,0xaa1403e22a1503e1,YES
0x078000,4,0x54fffe817140811f,0x54fffe817140811f,YES
0x078000,5,0xb4000275d63f0100,0xb4000275d63f0100,YES
0x078000,6,0xf9403408a9034ff4,0xf9403408a9034ff4,YES
0x078000,7,0x52800022aa1603e0,0x52800022aa1603e0,YES
0x07c000,0,0xd65f03c0d50323bf,0xd65f03c0d50323bf,YES
0x07c000,1,0xd50339bf54000441,0xd50339bf54000441,YES
0x07c000,2,0x2a0003e12a0003f3,0x2a0003e12a0003f3,YES
0x07c000,3,0xb4000460941ae290,0xb4000460941ae290,YES
0x07c000,4,0x36280088f90007e9,0x36280088f90007e9,YES
0x07c000,5,0xb9400108f9402268,0xb9400108f9402268,YES
0x07c000,6,0x17ffff84b9008a68,0x17ffff84b9008a68,YES
0x07c000,7,0xaa1f03e12a1703e0,0xaa1f03e12a1703e0,YES
0x080000,0,0x9bab554bb9000314,0x9bab554bb9000314,YES
0x080000,1,0xaa2a03f0b940312f,0xaa2a03f0b940312f,YES
0x080000,2,0x9ac92149b9400289,0x9ac92149b9400289,YES
0x080000,3,0x910003fda9bf7bfd,0x910003fda9bf7bfd,YES
0x080000,4,0x39400d08f9402008,0x39400d08f9402008,YES
0x080000,5,0x910042d7d5384116,0x910042d7d5384116,YES
0x080000,6,0x943f6a3a9139a000,0x943f6a3a9139a000,YES
0x080000,7,0x91396000f00115e0,0x91396000f00115e0,YES
0x084000,0,0x3607eb1a3707eb3b,0x3607eb1a3707eb3b,YES
0x084000,1,0xa900a7e812800001,0xa900a7e812800001,YES
0x084000,2,0x35000100941b162e,0x35000100941b162e,YES
0x084000,3,0xd503233fd65f03c0,0xd503233fd65f03c0,YES
0x084000,4,0x911b28421a890106,0x9117c8421a890106,NO
0x084000,5,0xa9075ff8a90667fa,0xa9075ff8a90667fa,YES
0x084000,6,0x910003fda9014ff4,0x910003fda9014ff4,YES
0x084000,7,0xf9400bf397fffb97,0xf9400bf397fffb97,YES
0x088000,0,0x3900828852800028,0x3900828852800028,YES
0x088000,1,0x97ffccfcaa0103f3,0x97ffccfcaa0103f3,YES
0x088000,2,0x940c2dbb2a1403e1,0x940c2dbb2a1403e1,YES
0x088000,3,0x94082e45aa1403e0,0x94082e45aa1403e0,YES
0x088000,4,0x7100051f39770108,0x7100051f39770108,YES
0x088000,5,0xb940112aaa1503e9,0xb940112aaa1503e9,YES
0x088000,6,0xf9001be7910083a9,0xf9001be7910083a9,YES
0x088000,7,0x9401207654000601,0x9401207654000601,YES
0x08c000,0,0xd37ae508934cfd08,0xd37ae508934cfd08,YES
0x08c000,1,0xd000bae017ffffd0,0xd000bae017ffffd0,YES
0x08c000,2,0x940811612a0003f3,0x940811612a0003f3,YES
0x08c000,3,0x2a0803e0f0012169,0x2a0803e0f0012169,YES
0x08c000,4,0x2a0003f594081124,0x2a0003f594081124,YES
0x08c000,5,0x528198019000cd08,0x528198019000cd08,YES
0x08c000,6,0x9135e0429102a421,0x9135e042913f4421,NO
0x08c000,7,0xaa1f03f472a00048,0xaa1f03f472a00048,YES
0x090000,0,0xd503249f17fffff4,0xd503249f17fffff4,YES
0x090000,1,0x340004e0b94b6e80,0x340004e0b94b6e80,YES
0x090000,2,0x911fb0212a1f03e0,0x911c50212a1f03e0,NO
0x090000,3,0xaa1303e252800141,0xaa1303e252800141,YES
0x090000,4,0x910003fda9bf7bfd,0x910003fda9bf7bfd,YES
0x090000,5,0xaa0203e0f942f108,0xaa0203e0f942f108,YES
0x090000,6,0x94000b089346fd21,0x94000b089346fd21,YES
0x090000,7,0xeb1502dff8420eb6,0xeb1502dff8420eb6,YES
0x094000,0,0x912d10002a1703e2,0x9129b0002a1703e2,NO
0x094000,1,0x941b5776910d1421,0x941b57769109b421,NO
0x094000,2,0x350000809419732e,0x350000809419732e,YES
0x094000,3,0x540000c1eb09011f,0x540000c1eb09011f,YES
0x094000,4,0xaa0203e0b000b7a1,0xaa0203e0b000b7a1,YES
0x094000,5,0xaa1403e09000b482,0xaa1403e09000b482,YES
0x094000,6,0x120179089130a000,0x120179089130a000,YES
0x094000,7,0xd503233f943fa114,0xd503233f943fa114,YES
0x098000,0,0x92400829c8dffd01,0x92400829c8dffd01,YES
0x098000,1,0x370010a9f8e90289,0x370010a9f8e90289,YES
0x098000,2,0x9104012ac85f7e89,0x9104012ac85f7e89,YES
0x098000,3,0x3708068bf940010b,0x3708068bf940010b,YES
0x098000,4,0x927d656bd343fd4b,0x927d656bd343fd4b,YES
0x098000,5,0xaa0a03e0c8ea7d22,0xaa0a03e0c8ea7d22,YES
0x098000,6,0xb27e0022540007a5,0xb27e0022540007a5,YES
0x098000,7,0x97ff10ab910003e0,0x97ff10ab910003e0,YES
0x09c000,0,0xa9bd7bfdd503233f,0xa9bd7bfdd503233f,YES
0x09c000,1,0xf8bfc308f8bfc118,0xf8bfc308f8bfc118,YES
0x09c000,2,0x2a1f03e0a9434ff4,0x2a1f03e0a9434ff4,YES
0x09c000,3,0xf85f02c0f84186c8,0xf85f02c0f84186c8,YES
0x09c000,4,0xf84186a8f941a515,0xf84186a8f941a515,YES
0x09c000,5,0xb5ffff6891006294,0xb5ffff6891006294,YES
0x09c000,6,0xf9435516aa0103f5,0xf9435516aa0103f5,YES
0x09c000,7,0xf85f02c0f84186c8,0xf85f02c0f84186c8,YES
0x0a0000,0,0x394052c934000289,0x394052c934000289,YES
0x0a0000,1,0xf9401688f9002280,0xf9401688f9002280,YES
0x0a0000,2,0xf940011612800000,0xf940011612800000,YES
0x0a0000,3,0xb8bfc14bb8bfc108,0xb8bfc14bb8bfc108,YES
0x0a0000,4,0xd53cd04a17ffff9c,0xd53cd04a17ffff9c,YES
0x0a0000,5,0xb9001a7f52800020,0xb9001a7f52800020,YES
0x0a0000,6,0xd503249fd61f0140,0xd503249fd61f0140,YES
0x0a0000,7,0xb828327f52800028,0xb828327f52800028,YES
0x0a4000,0,0xb000b9a1940a7c22,0xb000b9a1940a7c22,YES
0x0a4000,1,0xf100029f9ad30a82,0xf100029f9ad30a82,YES
0x0a4000,2,0xf9402aa3d000b742,0xf9402aa3d000b742,YES
0x0a4000,3,0xeb18011f91004108,0xeb18011f91004108,YES
0x0a4000,4,0x94007749aa1603e0,0x94007749aa1603e0,YES
0x0a4000,5,0x9000b5e1d00111e8,0x9000b5e1d00111e8,YES
0x0a4000,6,0xaa1303e0910f6c42,0xaa1303e0910c0c42,NO
0x0a4000,7,0xf9408288940a78a2,0xf9408288940a78a2,YES
0x0a8000,0,0xb4000308f94006e8,0xb4000308f94006e8,YES
0x0a8000,1,0x9408af45aa1603e0,0x9408af45aa1603e0,YES
0x0a8000,2,0x9401224991075021,0x9401224991075021,YES
0x0a8000,3,0x940087c9f901657f,0x940087c9f901657f,YES
0x0a8000,4,0xf9400b489400874a,0xf9400b489400874a,YES
0x0a8000,5,0xaa1f03e011000508,0xaa1f03e011000508,YES
0x0a8000,6,0x7100057f1a880128,0x7100057f1a880128,YES
0x0a8000,7,0xd4210000d65f03c0,0xd4210000d65f03c0,YES
0x0ac000,0,0xa9054ff4a90457f6,0xa9054ff4a90457f6,YES
0x0ac000,1,0xd5384108a9074ff4,0xd5384108a9074ff4,YES
0x0ac000,2,0xa9054ff4f90023f5,0xa9054ff4f90023f5,YES
0x0ac000,3,0xc8dffee8aa0003f5,0xc8dffee8aa0003f5,YES
0x0ac000,4,0xaa1303e0d5033bbf,0xaa1303e0d5033bbf,YES
0x0ac000,5,0xaa1503e0f9000109,0xaa1503e0f9000109,YES
0x0ac000,6,0xd50323bff2ec3908,0xd50323bff2ec3908,YES
0x0ac000,7,0xf85f82602a1f03e2,0xf85f82602a1f03e2,YES
0x0b0000,0,0x940018d391016100,0x940018d391016100,YES
0x0b0000,1,0xd503201f94002752,0xd503201f94002752,YES
0x0b0000,2,0x7100811fb94baa68,0x7100811fb94baa68,YES
0x0b0000,3,0x8b0901089126e129,0x8b0901089126e129,YES
0x0b0000,4,0x97ff726c54000045,0x97ff726c54000045,YES
0x0b0000,5,0xf945066836000080,0xf945066836000080,YES
0x0b0000,6,0x941a206d14000003,0x941a206d14000003,YES
0x0b0000,7,0x94402285b5fffce8,0x94402285b5fffce8,YES
0x0b4000,0,0x97ff846caa1303e0,0x97ff846caa1303e0,YES
0x0b4000,1,0x2a1f03e2f9458e69,0x2a1f03e2f9458e69,YES
0x0b4000,2,0xb0011408d503201f,0xb0011408d503201f,YES
0x0b4000,3,0x2a0103f6aa0203f5,0x2a0103f6aa0203f5,YES
0x0b4000,4,0xaa1f03e7aa1f03e6,0xaa1f03e7aa1f03e6,YES
0x0b4000,5,0xb4000108b9074b29,0xb4000108b9074b29,YES
0x0b4000,6,0xb8418e80f943de94,0xb8418e80f943de94,YES
0x0b4000,7,0xf9000be9d65f03c0,0xf9000be9d65f03c0,YES
0x0b8000,0,0x52800028f9400be9,0x52800028f9400be9,YES
0x0b8000,1,0x2a0003f9d0011288,0x2a0003f9d0011288,YES
0x0b8000,2,0x8b09014954ffdee2,0x8b09014954ffdee2,YES
0x0b8000,3,0x8b0a0108d378dd6b,0x8b0a0108d378dd6b,YES
0x0b8000,4,0x1a9f37edeb16013f,0x1a9f37edeb16013f,YES
0x0b8000,5,0xf8bfc129f8bfc108,0xf8bfc129f8bfc108,YES
0x0b8000,6,0xeb0a013f8b0a016a,0xeb0a013f8b0a016a,YES
0x0b8000,7,0xa9427bfda9436ffc,0xa9427bfda9436ffc,YES
0x0bc000,0,0x39774108b0011348,0x39774108b0011348,YES
0x0bc000,1,0x927d654af80843eb,0x927d654af80843eb,YES
0x0bc000,2,0xf9400be8d503249f,0xf9400be8d503249f,YES
0x0bc000,3,0xeb0b013f9acc096b,0xeb0b013f9acc096b,YES
0x0bc000,4,0xf9001a689a8833e8,0xf9001a689a8833e8,YES
0x0bc000,5,0x8b1b018c9b1c7d4d,0x8b1b018c9b1c7d4d,YES
0x0bc000,6,0xd103a2f854001ba8,0xd103a2f854001ba8,YES
0x0bc000,7,0x1a9f07ecf110017f,0x1a9f07ecf110017f,YES
0x0c0000,0,0xa94367faa9445ff8,0xa94367faa9445ff8,YES
0x0c0000,1,0xb0011129f00112d9,0xb0011129f00112d9,YES
0x0c0000,2,0x94090ec5f9407660,0x94090ec5f9407660,YES
0x0c0000,3,0x8b0a0108f900a820,0x8b0a0108f900a820,YES
0x0c0000,4,0xd2802459d00112d4,0xd2802459d00112d4,YES
0x0c0000,5,0xd503233fd65f03c0,0xd503233fd65f03c0,YES
0x0c0000,6,0x140000022a1f03e0,0x140000022a1f03e0,YES
0x0c0000,7,0x17ffffe1d4210000,0x17ffffe1d4210000,YES
0x0c4000,0,0xc8dffd089125e288,0xc8dffd089125e288,YES
0x0c4000,1,0xa8c17bfd97ffff9e,0xa8c17bfd97ffff9e,YES
0x0c4000,2,0x2a0903e1aa0803e0,0x2a0903e1aa0803e0,YES
0x0c4000,3,0x2a1303e9912441ad,0x2a1303e9912441ad,YES
0x0c4000,4,0xd503249fd65f03c0,0xd503249fd65f03c0,YES
0x0c4000,5,0x9124418c8b0a012b,0x9124418c8b0a012b,YES
0x0c4000,6,0xd65f03c0d50323bf,0xd65f03c0d50323bf,YES
0x0c4000,7,0xa901ffff7100051f,0xa901ffff7100051f,YES
0x0c8000,0,0x9403c354aa1403e0,0x9403c354aa1403e0,YES
0x0c8000,1,0xb94022a5910022a2,0xb94022a5910022a2,YES
0x0c8000,2,0xd50323bfa8c37bfd,0xd50323bfa8c37bfd,YES
0x0c8000,3,0x9440ae10aa1803e0,0x9440ae10aa1803e0,YES
0x0c8000,4,0xb001234cf942f108,0xb001234cf942f108,YES
0x0c8000,5,0x54000bc8f11ffd5f,0x54000bc8f11ffd5f,YES
0x0c8000,6,0xf11ffd1ff8488ea8,0xf11ffd1ff8488ea8,YES
0x0c8000,7,0xaa0403f3d5384108,0xaa0403f3d5384108,YES
0x0cc000,0,0x71000eff17ffff10,0x71000eff17ffff10,YES
0x0cc000,1,0xb944226854000041,0xb944226854000041,YES
0x0cc000,2,0xf9404a68540000e1,0xf9404a68540000e1,YES
0x0cc000,3,0x1a8a312971004d3f,0x1a8a312971004d3f,YES
0x0cc000,4,0xd65f03c0d50323bf,0xd65f03c0d50323bf,YES
0x0cc000,5,0x51000d08b9442288,0x51000d08b9442288,YES
0x0cc000,6,0xda9f31089a8983e9,0xda9f31089a8983e9,YES
0x0cc000,7,0xb90007e09416d6a9,0xb90007e09416d6a9,YES
0x0d0000,0,0xb00114eab4000109,0xb00114eab4000109,YES
0x0d0000,1,0x3608008a1a880137,0x3608008a1a880137,YES
0x0d0000,2,0x9440ce90aa1403e0,0x9440ce90aa1403e0,YES
0x0d0000,3,0xb8bfc108d42aa240,0xb8bfc108d42aa240,YES
0x0d0000,4,0x9100a2881400000c,0x9100a2881400000c,YES
0x0d0000,5,0x1100050888dffea8,0x1100050888dffea8,YES
0x0d0000,6,0xaa1903e039563288,0xaa1903e039563288,YES
0x0d0000,7,0xa9484ff4f94033f7,0xa9484ff4f94033f7,YES
0x0d4000,0,0x37400198a900ffff,0x37400198a900ffff,YES
0x0d4000,1,0xa9427bfda9445ff8,0xa9427bfda9445ff8,YES
0x0d4000,2,0x9404af2c910003fd,0x9404af2c910003fd,YES
0x0d4000,3,0xd65f03c0d50323bf,0xd65f03c0d50323bf,YES
0x0d4000,4,0xc8dffe882a0003f3,0xc8dffe882a0003f3,YES
0x0d4000,5,0x7100091f88dffd08,0x7100091f88dffd08,YES
0x0d4000,6,0x54000080eb09011f,0x54000080eb09011f,YES
0x0d4000,7,0xd65f03c0d50323bf,0xd65f03c0d50323bf,YES
0x0d8000,0,0x9116800052800061,0x9116800052800061,YES
0x0d8000,1,0xd50323bfa8c17bfd,0xd50323bfa8c17bfd,YES
0x0d8000,2,0x35ffffab880bfd09,0x35ffffab880bfd09,YES
0x0d8000,3,0xb94ed551937e7d2e,0xb94ed551937e7d2e,YES
0x0d8000,4,0x340002609400003b,0x340002609400003b,YES
0x0d8000,5,0x6b0c011f1100058c,0x6b0c011f1100058c,YES
0x0d8000,6,0xd503233ff8bfc288,0xd503233ff8bfc288,YES
0x0d8000,7,0xb4000155c8dffd15,0xb4000155c8dffd15,YES
0x0dc000,0,0x910003fda9bf7bfd,0x910003fda9bf7bfd,YES
0x0dc000,1,0x97fc4c73aa1303e0,0x97fc4c73aa1303e0,YES
0x0dc000,2,0x910443fda9117bfd,0x910443fda9117bfd,YES
0x0dc000,3,0x540001416b0802bf,0x540001416b0802bf,YES
0x0dc000,4,0xd50323bfa8c27bfd,0xd50323bfa8c27bfd,YES
0x0dc000,5,0x91339821f000bda1,0x91303821f000bda1,NO
0x0dc000,6,0x9a880122f000bda1,0x9a880122f000bda1,YES
0x0dc000,7,0xb90007fff90007e8,0xb90007fff90007e8,YES
0x0e0000,0,0x54000341f240053f,0x54000341f240053f,YES
0x0e0000,1,0xa9be7bfdd503233f,0xa9be7bfdd503233f,YES
0x0e0000,2,0xaa1703e1913cd318,0xaa1703e1913cd318,YES
0x0e0000,3,0x928004a0d503233f,0x928004a0d503233f,YES
0x0e0000,4,0x928004a0d503233f,0x928004a0d503233f,YES
0x0e0000,5,0x928004a0d503233f,0x928004a0d503233f,YES
0x0e0000,6,0xf9000e60b13ffc1f,0xf9000e60b13ffc1f,YES
0x0e0000,7,0x7100053fb8690109,0x7100053fb8690109,YES
0x0e4000,0,0xd50323bfa8c17bfd,0xd50323bfa8c17bfd,YES
0x0e4000,1,0x394013e8350000a0,0x394013e8350000a0,YES
0x0e4000,2,0x340002a854fffcc0,0x340002a854fffcc0,YES
0x0e4000,3,0x8b080140f9400d29,0x8b080140f9400d29,YES
0x0e4000,4,0x140000072a1f03f4,0x140000072a1f03f4,YES
0x0e4000,5,0xd50323bfa8c37bfd,0xd50323bfa8c37bfd,YES
0x0e4000,6,0x9440f9f4aa0103f4,0x9440f9f4aa0103f4,YES
0x0e4000,7,0xb50001a8f9403268,0xb50001a8f9403268,YES
0x0e8000,0,0x54000041eb08015f,0x54000041eb08015f,YES
0x0e8000,1,0xeb09011fc8dffd09,0xeb09011fc8dffd09,YES
0x0e8000,2,0x9100431bd5384118,0x9100431bd5384118,YES
0x0e8000,3,0x94412dbcaa1403e0,0x94412dbcaa1403e0,YES
0x0e8000,4,0x121a054954000100,0x121a054954000100,YES
0x0e8000,5,0x9138bc21f9402260,0x91355c21f9402260,NO
0x0e8000,6,0x944109f4aa1403e0,0x944109f4aa1403e0,YES
0x0e8000,7,0x9402327797ff52a7,0x9402327797ff52a7,YES
0x0ec000,0,0xd0011435f0011436,0xd0011435f0011436,YES
0x0ec000,1,0x17fffff33607fe48,0x17fffff33607fe48,YES
0x0ec000,2,0x721f02ff52802908,0x721f02ff52802908,YES
0x0ec000,3,0x9b0922a8a900ff1f,0x9b0922a8a900ff1f,YES
0x0ec000,4,0x3630010839440268,0x3630010839440268,YES
0x0ec000,5,0x5281b801aa0003f3,0x5281b801aa0003f3,YES
0x0ec000,6,0xaa1403e1f9400260,0xaa1403e1f9400260,YES
0x0ec000,7,0xf000baa1b000be80,0xf000baa1b000be80,YES
0x0f0000,0,0xaa0103e0d503249f,0xaa0103e0d503249f,YES
0x0f0000,1,0xa913326ba9122a69,0xa913326ba9122a69,YES
0x0f0000,2,0xa94257f6a9434ff4,0xa94257f6a9434ff4,YES
0x0f0000,3,0xfa0d019fda9f318c,0xfa0d019fda9f318c,YES
0x0f0000,4,0xd0012469d503249f,0xd0012469d503249f,YES
0x0f0000,5,0xd101c3ffd503233f,0xd101c3ffd503233f,YES
0x0f0000,6,0xa9454ff4aa1303e0,0xa9454ff4aa1303e0,YES
0x0f0000,7,0xa94457f6a9454ff4,0xa94457f6a9454ff4,YES
0x0f4000,0,0x71000adf94416015,0x71000adf94416015,YES
0x0f4000,1,0xa9ba7bfdd503233f,0xa9ba7bfdd503233f,YES
0x0f4000,2,0x540001006b08029f,0x540001006b08029f,YES
0x0f4000,3,0x528000c1aa0003f3,0x528000c1aa0003f3,YES
0x0f4000,4,0x900115e9f9404268,0x900115e9f9404268,YES
0x0f4000,5,0x1280015414000002,0x1280015414000002,YES
0x0f4000,6,0xf9404ae0f943cf08,0xf9404ae0f943cf08,YES
0x0f4000,7,0x2a1f03e954fffe01,0x2a1f03e954fffe01,YES
0x0f8000,0,0xa906ffffa907ffff,0xa906ffffa907ffff,YES
0x0f8000,1,0x1280005435000058,0x1280005435000058,YES
0x0f8000,2,0xb9400be835000358,0xb9400be835000358,YES
0x0f8000,3,0xb9001be090011609,0xb9001be090011609,YES
0x0f8000,4,0xa903ffffa904ffff,0xa903ffffa904ffff,YES
0x0f8000,5,0x540006616b14001f,0x540006616b14001f,YES
0x0f8000,6,0x910043fda9017bfd,0x910043fda9017bfd,YES
0x0f8000,7,0x14000048128002b3,0x14000048128002b3,YES
0x0fc000,0,0xa9447bfd540000a1,0xa9447bfd540000a1,YES
0x0fc000,1,0x340000b7b5fffe76,0x340000b7b5fffe76,YES
0x0fc000,2,0xaa1403e0aa0003f3,0xaa1403e0aa0003f3,YES
0x0fc000,3,0x510006a8f9000358,0x510006a8f9000358,YES
0x0fc000,4,0x54ffff21eb16011f,0x54ffff21eb16011f,YES
0x0fc000,5,0x7100793f2a1f03e0,0x7100793f2a1f03e0,YES
0x0fc000,6,0x7100269fd65f03c0,0x7100269fd65f03c0,YES
0x0fc000,7,0xf8bfc328b8bfc328,0xf8bfc328b8bfc328,YES
0x100000,0,0xf940042817ffffed,0xf940042817ffffed,YES
0x100000,1,0xd538202bd50343df,0xd538202bd50343df,YES
0x100000,2,0x140000d6d51b4228,0x140000d6d51b4228,YES
0x100000,3,0x3940fae914000057,0x3940fae914000057,YES
0x100000,4,0x37c7fac8f9432908,0x37c7fac8f9432908,YES
0x100000,5,0xd50339bf540008a1,0xd50339bf540008a1,YES
0x100000,6,0xf903c6f32a1f03f4,0xf903c6f32a1f03f4,YES
0x100000,7,0x2a1603e012800016,0x2a1603e012800016,YES
0x104000,0,0xa9bf7bfdd503233f,0xa9bf7bfdd503233f,YES
0x104000,1,0xaa0303e4aa0403e5,0xaa0303e4aa0403e5,YES
0x104000,2,0x941b1767aa1f03e5,0x941b1767aa1f03e5,YES
0x104000,3,0xd10093a4910053e3,0xd10093a4910053e3,YES
0x104000,4,0xaa0303f8aa0403f6,0xaa0303f8aa0403f6,YES
0x104000,5,0xaa1703e097ffc3a7,0xaa1703e097ffc3a7,YES
0x104000,6,0xf9000fff340007d9,0xf9000fff340007d9,YES
0x104000,7,0x4b0803e8540001a8,0x4b0803e8540001a8,YES
0x108000,0,0xb900101fa9007c1f,0xb900101fa9007c1f,YES
0x108000,1,0x5280002c7100013f,0x5280002c7100013f,YES
0x108000,2,0xd538d088b0011369,0xd538d088b0011369,YES
0x108000,3,0x910083fda9027bfd,0x910083fda9027bfd,YES
0x108000,4,0x360004089ac82528,0x360004089ac82528,YES
0x108000,5,0x17ffff9c9441865d,0x17ffff9c9441865d,YES
0x108000,6,0x52800061b4000080,0x52800061b4000080,YES
0x108000,7,0xaa1403e097fffff3,0xaa1403e097fffff3,YES
0x10c000,0,0xd503249fd4210000,0xd503249fd4210000,YES
0x10c000,1,0xb5000268f94036c8,0xb5000268f94036c8,YES
0x10c000,2,0xaa1603e0aa0003f3,0xaa1603e0aa0003f3,YES
0x10c000,3,0x910041088b080d28,0x910041088b080d28,YES
0x10c000,4,0xb90012a811000508,0xb90012a811000508,YES
0x10c000,5,0xa900ffffa901ffff,0xa900ffffa901ffff,YES
0x10c000,6,0xeb00013fb4fffda9,0xeb00013fb4fffda9,YES
0x10c000,7,0xd5033fdfd518200c,0xd5033fdfd518200c,YES
0x110000,0,0xf8605908d0012574,0xf8605908d0012574,YES
0x110000,1,0xb90012e8f1000508,0xb90012e8f1000508,YES
0x110000,2,0xf1000508c8dffd08,0xf1000508c8dffd08,YES
0x110000,3,0xc8dfff98b9001368,0xc8dfff98b9001368,YES
0x110000,4,0xb90012e811000508,0xb90012e811000508,YES
0x110000,5,0xb4000199c8dffd19,0xb4000199c8dffd19,YES
0x110000,6,0x39406e6939406668,0x39406e6939406668,YES
0x110000,7,0x52800028b900367f,0x52800028b900367f,YES
0x114000,0,0x140000091400000a,0x140000091400000a,YES
0x114000,1,0xb900226aa940b7ec,0xb900226aa940b7ec,YES
0x114000,2,0x910203fda9087bfd,0x910203fda9087bfd,YES
0x114000,3,0x1b177c2852807d17,0x1b177c2852807d17,YES
0x114000,4,0x0b0a0108b8e8012a,0x0b0a0108b8e8012a,YES
0x114000,5,0x17ffffe8940236ca,0x17ffffe8940236ca,YES
0x114000,6,0xa9055ff8f90023f9,0xa9055ff8f90023f9,YES
0x114000,7,0xa9455ff8a94657f6,0xa9455ff8a94657f6,YES
0x118000,0,0xf940010c3728008b,0xf940010c3728008b,YES
0x118000,1,0xb86800084b0803e8,0xb86800084b0803e8,YES
0x118000,2,0xa8c17bfd128002a0,0xa8c17bfd128002a0,YES
0x118000,3,0x378006353737fda8,0x378006353737fda8,YES
0x118000,4,0xf903069891116289,0xf903069891116289,YES
0x118000,5,0xaa0003fa9400e028,0xaa0003fa9400e028,YES
0x118000,6,0x528020081400003b,0x528020081400003b,YES
0x118000,7,0xb9400768b40000bb,0xb9400768b40000bb,YES
0x11c000,0,0xd50323bfa8c57bfd,0xd50323bfa8c57bfd,YES
0x11c000,1,0xaa1303e2910042c1,0xaa1303e2910042c1,YES
0x11c000,2,0xaa1603e097fd457c,0xaa1603e097fd457c,YES
0x11c000,3,0x17ffffdf2a1f03e8,0x17ffffdf2a1f03e8,YES
0x11c000,4,0x340001d654001100,0x340001d654001100,YES
0x11c000,5,0x8b28c2b5121a66c8,0x8b28c2b5121a66c8,YES
0x11c000,6,0x910003fdf9000bf9,0x910003fdf9000bf9,YES
0x11c000,7,0x710102df120016d7,0x710102df120016d7,YES
0x120000,0,0xb8bfc12ab8bfc12a,0xb8bfc12ab8bfc12a,YES
0x120000,1,0xa9067ebfa9077ebf,0xa9067ebfa9077ebf,YES
0x120000,2,0xdac00d297100211f,0xdac00d297100211f,YES
0x120000,3,0xf2b5bcc9d2842f2c,0xf2b5bcc9d2842f2c,YES
0x120000,4,0x910003fda9bf7bfd,0x910003fda9bf7bfd,YES
0x120000,5,0xf940101a29462408,0xf940101a29462408,YES
0x120000,6,0x540001a27100411f,0x540001a27100411f,YES
0x120000,7,0x94191092b8580103,0x94191092b8580103,YES
0x124000,0,0x1400007411001108,0x1400007411001108,YES
0x124000,1,0xf9410c08d51d402b,0xf9410c08d51d402b,YES
0x124000,2,0xeb0b011faa0203f4,0xeb0b011faa0203f4,YES
0x124000,3,0xd10083a09280000c,0xd10083a09280000c,YES
0x124000,4,0xa900a3eaf9401529,0xa900a3eaf9401529,YES
0x124000,5,0xf90000a88b080128,0xf90000a88b080128,YES
0x124000,6,0x2a0203f4aa0503f3,0x2a0203f4aa0503f3,YES
0x124000,7,0x92490ecb927a0129,0x92490ecb927a0129,YES
0x128000,0,0xd5384108f829311f,0xd5384108f829311f,YES
0x128000,1,0xf9426e6891044260,0xf9426e6891044260,YES
0x128000,2,0xd538c008f9026268,0xd538c008f9026268,YES
0x128000,3,0xaa0003f3360002a8,0xaa0003f3360002a8,YES
0x128000,4,0xd503249ff9006409,0xd503249ff9006409,YES
0x128000,5,0xd503249ff900d808,0xd503249ff900d808,YES
0x128000,6,0xf9405409d503249f,0xf9405409d503249f,YES
0x128000,7,0xf940c808d503249f,0xf940c808d503249f,YES
0x12c000,0,0x14000004d503249f,0x14000004d503249f,YES
0x12c000,1,0x17fffff7f9000d7f,0x17fffff7f9000d7f,YES
0x12c000,2,0xea17011f9a883128,0xea17011f9a883128,YES
0x12c000,3,0x97ffc265aa1503e0,0x97ffc265aa1503e0,YES
0x12c000,4,0xa9434ff494421b3b,0xa9434ff494421b3b,YES
0x12c000,5,0x54000b227100091f,0x54000b227100091f,YES
0x12c000,6,0xeb09011ff85f83a9,0xeb09011ff85f83a9,YES
0x12c000,7,0x1400023054ffff61,0x1400023054ffff61,YES
0x130000,0,0xaa0a03ebf940010c,0xaa0a03ebf940010c,YES
0x130000,1,0x52800c0bd503201f,0x52800c0bd503201f,YES
0x130000,2,0xa9417bfda94357f6,0xa9417bfda94357f6,YES
0x130000,3,0x9a8c83ecb100116b,0x9a8c83ecb100116b,YES
0x130000,4,0xd538410835000780,0xd538410835000780,YES
0x130000,5,0xd5184609521b0909,0xd5184609521b0909,YES
0x130000,6,0xaa0803ecc8dffd08,0xaa0803ecc8dffd08,YES
0x130000,7,0xf940066835000880,0xf940066835000880,YES
0x134000,0,0xd538410817ffffc4,0xd538410817ffffc4,YES
0x134000,1,0xf9400260aa1f03f4,0xf9400260aa1f03f4,YES
0x134000,2,0xaa1603e1f9400260,0xaa1603e1f9400260,YES
0x134000,3,0xf94013f7a9417bfd,0xf94013f7a9417bfd,YES
0x134000,4,0x1a9f01087100013f,0x1a9f01087100013f,YES
0x134000,5,0x110006f797ffe198,0x110006f797ffe198,YES
0x134000,6,0xaa0803e1912ae084,0xaa0803e1912ae084,YES
0x134000,7,0x2a1f03e814000004,0x2a1f03e814000004,YES
0x138000,0,0xcb000108aa1503e2,0xcb000108aa1503e2,YES
0x138000,1,0xb9400274941c41e0,0xb9400274941c41e0,YES
0x138000,2,0xaa1303e152800400,0xaa1303e152800400,YES
0x138000,3,0x9117a04290000002,0x9117a04290000002,YES
0x138000,4,0xaa0003f3910003fd,0xaa0003f3910003fd,YES
0x138000,5,0x2a1f03e08b284321,0x2a1f03e08b284321,YES
0x138000,6,0x941c3ee3aa1303e2,0x941c3ee3aa1303e2,YES
0x138000,7,0xf9000bf5a9bd7bfd,0xf9000bf5a9bd7bfd,YES
0x13c000,0,0x2a0003f3910003fd,0x2a0003f3910003fd,YES
0x13c000,1,0x94424413d65f03c0,0x94424413d65f03c0,YES
0x13c000,2,0x9100056b2a1f03e0,0x9100056b2a1f03e0,YES
0x13c000,3,0xd51b422ad5033fdf,0xd51b422ad5033fdf,YES
0x13c000,4,0x14000002f943dd08,0x14000002f943dd08,YES
0x13c000,5,0x52800a6914000051,0x52800a6914000051,YES
0x13c000,6,0xa90657f6f9002bf7,0xa90657f6f9002bf7,YES
0x13c000,7,0x2a0203e2910003fd,0x2a0203e2910003fd,YES
0x140000,0,0x927101299272016b,0x927101299272016b,YES
0x140000,1,0x1400000c35fffd68,0x1400000c35fffd68,YES
0x140000,2,0xf829111f52a01009,0xf829111f52a01009,YES
0x140000,3,0xd503249f17ffffc8,0xd503249f17ffffc8,YES
0x140000,4,0x9125c12990011529,0x9125c12990011529,YES
0x140000,5,0x71007e7f9a890153,0x71007e7f9a890153,YES
0x140000,6,0xd53bee20d503249f,0xd53bee20d503249f,YES
0x140000,7,0x2a0103e8d503249f,0x2a0103e8d503249f,YES
0x144000,0,0xf80009cf2a1f03f0,0xf80009cf2a1f03f0,YES
0x144000,1,0xd503249f3607fda8,0xd503249f3607fda8,YES
0x144000,2,0x94000042aa1303e0,0x94000042aa1303e0,YES
0x144000,3,0x910b9c0051000463,0x91083c0051000463,NO
0x144000,4,0xd100a3aa39400283,0xd100a3aa39400283,YES
0x144000,5,0x540007417100251f,0x540007417100251f,YES
0x144000,6,0x71001d1fb951bd08,0x71001d1fb951bd08,YES
0x144000,7,0xd503249f14000044,0xd503249f14000044,YES
0x148000,0,0x52800c0ad503201f,0x52800c0ad503201f,YES
0x148000,1,0x521b0909d5384608,0x521b0909d5384608,YES
0x148000,2,0xd5033fdfd5182009,0xd5033fdfd5182009,YES
0x148000,3,0xd503249f17ffffce,0xd503249f17ffffce,YES
0x148000,4,0xfa0b015fda9f314a,0xfa0b015fda9f314a,YES
0x148000,5,0xd50343df52800c09,0xd50343df52800c09,YES
0x148000,6,0xd5384609d5184608,0xd5384609d5184608,YES
0x148000,7,0xd5033fdfd518202c,0xd5033fdfd518202c,YES
0x14c000,0,0xaa1303e42a1603e3,0xaa1303e42a1603e3,YES
0x14c000,1,0xf942f108d5384108,0xf942f108d5384108,YES
0x14c000,2,0x54000101eb09011f,0x54000101eb09011f,YES
0x14c000,3,0x9101c3ffa9447bfd,0x9101c3ffa9447bfd,YES
0x14c000,4,0xa90357f6910083fd,0xa90357f6910083fd,YES
0x14c000,5,0xf9403c0991020008,0xf9403c0991020008,YES
0x14c000,6,0xa9064ff4a90557f6,0xa9064ff4a90557f6,YES
0x14c000,7,0xeb09011ff85f83a9,0xeb09011ff85f83a9,YES
0x150000,0,0xf0011842b4000320,0xf0011842b4000320,YES
0x150000,1,0x6b09003f528fffe9,0x6b09003f528fffe9,YES
0x150000,2,0xd503201ff94292f6,0xd503201ff94292f6,YES
0x150000,3,0xa9425ff8a94357f6,0xa9425ff8a94357f6,YES
0x150000,4,0xd374cd218b080128,0xd374cd218b080128,YES
0x150000,5,0x120002621a9f17e3,0x120002621a9f17e3,YES
0x150000,6,0xb8bfc100f8bfc129,0xb8bfc100f8bfc129,YES
0x150000,7,0x3700040ac8dffd4a,0x3700040ac8dffd4a,YES
0x154000,0,0x528198009137e2b5,0x528198009137e2b5,YES
0x154000,1,0xf944fd089000d349,0xf9449d089000d349,NO
0x154000,2,0x14000051912e0000,0x14000051912aa000,NO
0x154000,3,0xd5384108f000c080,0xd5384108f000c080,YES
0x154000,4,0xf100215fd538d089,0xf100215fd538d089,YES
0x154000,5,0x9120016b91000129,0x9120016b91000129,YES
0x154000,6,0x5280002014000002,0x5280002014000002,YES
0x154000,7,0xaa1403e091126042,0xaa1403e0910f0042,NO
0x158000,0,0xaa1f03e1aa1603e0,0xaa1f03e1aa1603e0,YES
0x158000,1,0xa900ffffa901ffff,0xa900ffffa901ffff,YES
0x158000,2,0xaa1f03e1aa1503e0,0xaa1f03e1aa1503e0,YES
0x158000,3,0x1280000814000002,0x1280000814000002,YES
0x158000,4,0x940662d152800480,0x940662d152800480,YES
0x158000,5,0x910083fda9027bfd,0x910083fda9027bfd,YES
0x158000,6,0xd538410894060275,0xd538410894060275,YES
0x158000,7,0xd343fd0872b89d89,0xd343fd0872b89d89,YES
0x15c000,0,0x2a1f03f517fffff2,0x2a1f03f517fffff2,YES
0x15c000,1,0xf90002688b0902a9,0xf90002688b0902a9,YES
0x15c000,2,0x54000b00f27ef414,0x54000b00f27ef414,YES
0x15c000,3,0xb5000634f9405674,0xb5000634f9405674,YES
0x15c000,4,0x36000080941cd957,0x36000080941cd957,YES
0x15c000,5,0x3607fe20941cd905,0x3607fe20941cd905,YES
0x15c000,6,0xf940066a54000560,0xf940066a54000560,YES
0x15c000,7,0xf85e8013a9024ff4,0xf85e8013a9024ff4,YES
0x160000,0,0x92800068f9400429,0x92800068f9400429,YES
0x160000,1,0x2a1f03e1d346feda,0x2a1f03e1d346feda,YES
0x160000,2,0xb40006c0940b840a,0xb40006c0940b840a,YES
0x160000,3,0x52800061aa1803e0,0x52800061aa1803e0,YES
0x160000,4,0x34000328b8280008,0x34000328b8280008,YES
0x160000,5,0xa90357f6a9025ff8,0xa90357f6a9025ff8,YES
0x160000,6,0x17ffffeb17ffffec,0x17ffffeb17ffffec,YES
0x160000,7,0x52800029d00127e8,0x52800029d00127e8,YES
0x164000,0,0x6b1100bf1a8680a5,0x6b1100bf1a8680a5,YES
0x164000,1,0xd378df08d503249f,0xd378df08d503249f,YES
0x164000,2,0x97ffff422a1f03e3,0x97ffff422a1f03e3,YES
0x164000,3,0xd5384608f8bfc140,0xd5384608f8bfc140,YES
0x164000,4,0xa9414ff4f829311f,0xa9414ff4f829311f,YES
0x164000,5,0xaa0003f694049177,0xaa0003f694049177,YES
0x164000,6,0x14000013f829311f,0x14000013f829311f,YES
0x164000,7,0xf90013f5910043fd,0xf90013f5910043fd,YES
0x168000,0,0x52821f08940bafc6,0x52821f08940bafc6,YES
0x168000,1,0x913ca000d0012820,0x913ca000d0012820,YES
0x168000,2,0x5280050892403d0c,0x5280050892403d0c,YES
0x168000,3,0xb9401be8940a09c5,0xb9401be8940a09c5,YES
0x168000,4,0x5280068a9b0a5129,0x5280068a9b0a5129,YES
0x168000,5,0x79c0114a8b0a068a,0x79c0114a8b0a068a,YES
0x168000,6,0xf94001cff81fc14f,0xf94001cff81fc14f,YES
0x168000,7,0xd503229f5280050b,0xd503229f5280050b,YES
0x16c000,0,0x941e6cbdb90002c8,0x941e6cbdb90002c8,YES
0x16c000,1,0x12001e81d503249f,0x12001e81d503249f,YES
0x16c000,2,0x1a9f17e312001e80,0x1a9f17e312001e80,YES
0x16c000,3,0x17ffffe5128002a0,0x17ffffe5128002a0,YES
0x16c000,4,0xaa1f03e0b9400a68,0xaa1f03e0b9400a68,YES
0x16c000,5,0x5400006272ba8408,0x5400006272ba8408,YES
0x16c000,6,0x2a1703e352800202,0x2a1703e352800202,YES
0x16c000,7,0x11000508b9400a68,0x11000508b9400a68,YES
0x170000,0,0x9400003faa1303e4,0x9400003faa1303e4,YES
0x170000,1,0xd5033b9f54ffff61,0xd5033b9f54ffff61,YES
0x170000,2,0xa9435ff8a94457f6,0xa9435ff8a94457f6,YES
0x170000,3,0xd5033fdfd5033a9f,0xd5033fdfd5033a9f,YES
0x170000,4,0x2a1f03e1d37ae508,0x2a1f03e1d37ae508,YES
0x170000,5,0xb4000101c8dffd01,0xb4000101c8dffd01,YES
0x170000,6,0x9340dd0ad5033fdf,0x9340dd0ad5033fdf,YES
0x170000,7,0x8a190129d001286a,0x8a190129d001286a,YES
0x174000,0,0x91273000aa1603e1,0x9123d000aa1603e1,NO
0x174000,1,0x540009c2eb13211f,0x540009c2eb13211f,YES
0x174000,2,0x394422a8d503249f,0x394422a8d503249f,YES
0x174000,3,0xeb09011ff85f83a9,0xeb09011ff85f83a9,YES
0x174000,4,0xf9800271d503249f,0xf9800271d503249f,YES
0x174000,5,0x8b0b0108f100019f,0x8b0b0108f100019f,YES
0x174000,6,0x540001007100811f,0x540001007100811f,YES
0x174000,7,0x52b28009320402c8,0x52b28009320402c8,YES
0x178000,0,0xd503249fd65f03c0,0xd503249fd65f03c0,YES
0x178000,1,0x52800c09d503201f,0x52800c09d503201f,YES
0x178000,2,0x17ffffe837c7ff48,0x17ffffe837c7ff48,YES
0x178000,3,0xc8dffd2991002129,0xc8dffd2991002129,YES
0x178000,4,0xd538460817ffffea,0xd538460817ffffea,YES
0x178000,5,0xd518202bb340bd4b,0xd518202bb340bd4b,YES
0x178000,6,0xd5184608f8bfc129,0xd5184608f8bfc129,YES
0x178000,7,0xd51b4228d5033fdf,0xd51b4228d5033fdf,YES
0x17c000,0,0xb8bfc108b8bfc108,0xb8bfc108b8bfc108,YES
0x17c000,1,0xb4000158c8dffd18,0xb4000158c8dffd18,YES
0x17c000,2,0x1219018dd53b422c,0x1219018dd53b422c,YES
0x17c000,3,0x5280140dd503249f,0x5280140dd503249f,YES
0x17c000,4,0x91378108f0012628,0x91378108f0012628,YES
0x17c000,5,0x910042c854000080,0x910042c854000080,YES
0x17c000,6,0x17fffff39403d64a,0x17fffff39403d64a,YES
0x17c000,7,0x128002b49403d5ca,0x128002b49403d5ca,YES
0x180000,0,0xd50323bfa8c17bfd,0xd50323bfa8c17bfd,YES
0x180000,1,0x9107502190000002,0x9103f02190000002,NO
0x180000,2,0x1a8001137100001f,0x1a8001137100001f,YES
0x180000,3,0xd51b9c0ad5033fdf,0xd51b9c0ad5033fdf,YES
0x180000,4,0x51000509b9418668,0x51000509b9418668,YES
0x180000,5,0xd65f03c0d50323bf,0xd65f03c0d50323bf,YES
0x180000,6,0xb941394af9404c2a,0xb941394af9404c2a,YES
0x180000,7,0xf9400013540003a0,0xf9400013540003a0,YES
0x184000,0,0xd378dc093940f948,0xd378dc093940f948,YES
0x184000,1,0xea2a013fb2409bea,0xea2a013fb2409bea,YES
0x184000,2,0x17ffffe437c7fe68,0x17ffffe437c7fe68,YES
0x184000,3,0x1219014bd53b422a,0x1219014bd53b422a,YES
0x184000,4,0xd5182029d5033fdf,0xd5182029d5033fdf,YES
0x184000,5,0x3940f92ad5384109,0x3940f92ad5384109,YES
0x184000,6,0xd503229f9a9f0008,0xd503229f9a9f0008,YES
0x184000,7,0x17ffffcb5280140b,0x17ffffcb5280140b,YES
0x188000,0,0xaa0903ecc8dffd29,0xaa0903ecc8dffd29,YES
0x188000,1,0xa8c17bfdaa0803e0,0xa8c17bfdaa0803e0,YES
0x188000,2,0xf940014837280088,0xf940014837280088,YES
0x188000,3,0xd503229f9a9f0008,0xd503229f9a9f0008,YES
0x188000,4,0x5280140bd503249f,0x5280140bd503249f,YES
0x188000,5,0xd503201f3500008b,0xd503201f3500008b,YES
0x188000,6,0xd51b4228d5033fdf,0xd51b4228d5033fdf,YES
0x188000,7,0x3728008ad378dc08,0x3728008ad378dc08,YES
0x18c000,0,0xea2a013fb2409bea,0xea2a013fb2409bea,YES
0x18c000,1,0xd503249f17ffffe4,0xd503249f17ffffe4,YES
0x18c000,2,0x3500008b1219014b,0x3500008b1219014b,YES
0x18c000,3,0xd5033fdfd5182029,0xd5033fdfd5182029,YES
0x18c000,4,0xd378dc083940f92a,0xd378dc083940f92a,YES
0x18c000,5,0xaa0803e0d503229f,0xaa0803e0d503229f,YES
0x18c000,6,0xd503249f17ffffcb,0xd503249f17ffffcb,YES
0x18c000,7,0xd50343df52800c0b,0xd50343df52800c0b,YES
0x190000,0,0xd50343df52800c09,0xd50343df52800c09,YES
0x190000,1,0xd5184609521b0909,0xd5184609521b0909,YES
0x190000,2,0xd51b422ad5033fdf,0xd51b422ad5033fdf,YES
0x190000,3,0xd0012968d503249f,0xd0012968d503249f,YES
0x190000,4,0x14000030b400058a,0x14000030b400058a,YES
0x190000,5,0xd140052a9240bd29,0xd140052a9240bd29,YES
0x190000,6,0xa9bf7bfdd503233f,0xa9bf7bfdd503233f,YES
0x190000,7,0xb2409bea8a882009,0xb2409bea8a882009,YES
0x194000,0,0xa8c17bfdaa0203e0,0xa8c17bfdaa0203e0,YES
0x194000,1,0x36d0004baa0003ea,0x36d0004baa0003ea,YES
0x194000,2,0xd503201f1400001a,0xd503201f1400001a,YES
0x194000,3,0x521b094bd538460a,0x521b094bd538460a,YES
0x194000,4,0xd538202baa0903ec,0xd538202baa0903ec,YES
0x194000,5,0xd503249fd65f03c0,0xd503249fd65f03c0,YES
0x194000,6,0x8a88200a36d0004b,0x8a88200a36d0004b,YES
0x194000,7,0xd53b4228d503201f,0xd53b4228d503201f,YES
0x198000,0,0x1400039cb940402c,0x1400039cb940402c,YES
0x198000,1,0x9100228ed50343df,0x9100228ed50343df,YES
0x198000,2,0xd5033fdfd518200e,0xd5033fdfd518200e,YES
0x198000,3,0x1219016cd53b422b,0x1219016cd53b422b,YES
0x198000,4,0xd5033fdfd518200c,0xd5033fdfd518200c,YES
0x198000,5,0xd378dd4b39400aa9,0xd378dd4b39400aa9,YES
0x198000,6,0x9103a260d503201f,0x9103a260d503201f,YES
0x198000,7,0xf94329add00129ad,0xf94329add00129ad,YES
0x19c000,0,0xd5384608b8bfc108,0xd5384608b8bfc108,YES
0x19c000,1,0x7100041fd4000003,0x7100041fd4000003,YES
0x19c000,2,0xf840610991031908,0xf8406109913fb908,NO
0x19c000,3,0x12140129531c6c29,0x12140129531c6c29,YES
0x19c000,4,0x1400001dd4000002,0x1400001dd4000002,YES
0x19c000,5,0x94022c97540001a0,0x94022c97540001a0,YES
0x19c000,6,0x54000b807100091f,0x54000b807100091f,YES
0x19c000,7,0xc80a7e698a280129,0xc80a7e698a280129,YES
0x1a0000,0,0xf0011a88d503233f,0xf0011a88d503233f,YES
0x1a0000,1,0xd37cfd08937cfd0b,0xd37cfd08937cfd0b,YES
0x1a0000,2,0xd503233f17ffffd1,0xd503233f17ffffd1,YES
0x1a0000,3,0xc85f7d6cf9800171,0xc85f7d6cf9800171,YES
0x1a0000,4,0xb2596108cb080128,0xb2596108cb080128,YES
0x1a0000,5,0xcb080148d5382049,0xcb080148d5382049,YES
0x1a0000,6,0xd3669929f944faab,0xd3669929f9449aab,NO
0x1a0000,7,0xf100091fd503201f,0xf100091fd503201f,YES
0x1a4000,0,0x33196909121b092a,0x33196909121b092a,YES
0x1a4000,1,0x33180d2b121b0908,0x33180d2b121b0908,YES
0x1a4000,2,0x39400128b4000188,0x39400128b4000188,YES
0x1a4000,3,0x14000002aa0903e0,0x14000002aa0903e0,YES
0x1a4000,4,0x940b7f3daa1603e2,0x940b7f3daa1603e2,YES
0x1a4000,5,0x52800608a9034ff4,0x52800608a9034ff4,YES
0x1a4000,6,0xa9014ff4a9be7bfd,0xa9014ff4a9be7bfd,YES
0x1a4000,7,0xa9434ff42a1f03e0,0xa9434ff42a1f03e0,YES
0x1a8000,0,0x37c7b64df9432aad,0x37c7b64df9432aad,YES
0x1a8000,1,0xd538460a17ffff39,0xd538460a17ffff39,YES
0x1a8000,2,0xd518460b521b090b,0xd518460b521b090b,YES
0x1a8000,3,0xd538202caa0b03ed,0xd538202caa0b03ed,YES
0x1a8000,4,0xb800090a72a8ca0a,0xb800090a72a8ca0a,YES
0x1a8000,5,0xf943294ad0012a2a,0xf943294ad0012a2a,YES
0x1a8000,6,0x52800c0bd503201f,0x52800c0bd503201f,YES
0x1a8000,7,0xaa0c03eec8dffd8c,0xaa0c03eec8dffd8c,YES
0x1ac000,0,0xaa1f03e094001834,0xaa1f03e094001834,YES
0x1ac000,1,0x8b08012db4fffd4d,0x8b08012db4fffd4d,YES
0x1ac000,2,0xb2409bee128001a9,0xb2409bee128001a9,YES
0x1ac000,3,0xeb09011ff85f83a9,0xeb09011ff85f83a9,YES
0x1ac000,4,0x521b090bd5384608,0x521b090bd5384608,YES
0x1ac000,5,0xf9408a6854000080,0xf9408a6854000080,YES
0x1ac000,6,0x9108410954000623,0x9108410954000623,YES
0x1ac000,7,0x528a802e528a402d,0x528a802e528a402d,YES
0x1b0000,0,0xd538202baa0903ec,0xd538202baa0903ec,YES
0x1b0000,1,0x12190109d53b4228,0x12190109d53b4228,YES
0x1b0000,2,0xcb150268d65f03c0,0xcb150268d65f03c0,YES
0x1b0000,3,0x17ffffda52801409,0x17ffffda52801409,YES
0x1b0000,4,0xf940012b3728008a,0xf940012b3728008a,YES
0x1b0000,5,0xc8dffd2991002129,0xc8dffd2991002129,YES
0x1b0000,6,0xd503201f14000023,0xd503201f14000023,YES
0x1b0000,7,0x2a1f03e1cb140268,0x2a1f03e1cb140268,YES
0x1b4000,0,0x17fffff597ff93a0,0x17fffff597ff93a0,YES
0x1b4000,1,0xd518460af8bfc129,0xd518460af8bfc129,YES
0x1b4000,2,0xb2409bebaa1303f5,0xb2409bebaa1303f5,YES
0x1b4000,3,0xd5033fdfd518202c,0xd5033fdfd518202c,YES
0x1b4000,4,0x52800c09d503201f,0x52800c09d503201f,YES
0x1b4000,5,0xaa1503e28b080280,0xaa1503e28b080280,YES
0x1b4000,6,0xd518460b521b094b,0xd518460b521b094b,YES
0x1b4000,7,0x8a88202a36d0004b,0x8a88202a36d0004b,YES
0x1b8000,0,0xd518202cb340bd6c,0xd518202cb340bd6c,YES
0x1b8000,1,0xd503201f35000089,0xd503201f35000089,YES
0x1b8000,2,0x8b0802802a1f03e1,0x8b0802802a1f03e1,YES
0x1b8000,3,0x521b094bd538460a,0x521b094bd538460a,YES
0x1b8000,4,0x36d0004baa0103ea,0x36d0004baa0103ea,YES
0x1b8000,5,0xd538202baa0903ec,0xd538202baa0903ec,YES
0x1b8000,6,0x52800c09d503201f,0x52800c09d503201f,YES
0x1b8000,7,0xaa1503e28b080280,0xaa1503e28b080280,YES
0x1bc000,0,0xf8bfc129d518460b,0xf8bfc129d518460b,YES
0x1bc000,1,0x9a8b83ebab13014a,0x9a8b83ebab13014a,YES
0x1bc000,2,0xd5033fdfd5182009,0xd5033fdfd5182009,YES
0x1bc000,3,0xd5382029d50343df,0xd5382029d50343df,YES
0x1bc000,4,0x17fffff597ffb1a0,0x17fffff597ffb1a0,YES
0x1bc000,5,0xd518460af8bfc129,0xd518460af8bfc129,YES
0x1bc000,6,0xb2409bebaa1303f5,0xb2409bebaa1303f5,YES
0x1bc000,7,0xd5033fdfd518202c,0xd5033fdfd518202c,YES
0x1c0000,0,0xd5182009d5033fdf,0xd5182009d5033fdf,YES
0x1c0000,1,0xd50343df52800c09,0xd50343df52800c09,YES
0x1c0000,2,0xd0012aead503249f,0xd0012aead503249f,YES
0x1c0000,3,0xd503233fd5184608,0xd503233fd5184608,YES
0x1c0000,4,0x3500008b1219014b,0x3500008b1219014b,YES
0x1c0000,5,0xaa0803e1aa1403e0,0xaa0803e1aa1403e0,YES
0x1c0000,6,0xb50000f5d503249f,0xb50000f5d503249f,YES
0x1c0000,7,0x37c7fd48f9432908,0x37c7fd48f9432908,YES
0x1c4000,0,0xd503249f17fffff5,0xd503249f17fffff5,YES
0x1c4000,1,0xd5384608d518460a,0xd5384608d518460a,YES
0x1c4000,2,0xab13014ab2409beb,0xab13014ab2409beb,YES
0x1c4000,3,0xd503249fd51b422a,0xd503249fd51b422a,YES
0x1c4000,4,0xd5182029d5033fdf,0xd5182029d5033fdf,YES
0x1c4000,5,0xf9432908d0012b08,0xf9432908d0012b08,YES
0x1c4000,6,0xaa0003f4aa0203f3,0xaa0003f4aa0203f3,YES
0x1c4000,7,0x3500008b1219014b,0x3500008b1219014b,YES
0x1c8000,0,0x540000e1eb09011f,0x540000e1eb09011f,YES
0x1c8000,1,0xd503249f361ffa88,0xd503249f361ffa88,YES
0x1c8000,2,0x17ffffe1f94007e0,0x17ffffe1f94007e0,YES
0x1c8000,3,0xf9000bf5a9bd7bfd,0xf9000bf5a9bd7bfd,YES
0x1c8000,4,0xc8dffe88b5000068,0xc8dffe88b5000068,YES
0x1c8000,5,0xb50000688b090155,0xb50000688b090155,YES
0x1c8000,6,0xb4000060f9484800,0xb4000060f9484800,YES
0x1c8000,7,0xa8c27bfdf9400bf3,0xa8c27bfdf9400bf3,YES
0x1cc000,0,0xaa1f03e8d503233f,0xaa1f03e8d503233f,YES
0x1cc000,1,0x121c6eaaaa1f03e9,0x121c6eaaaa1f03e9,YES
0x1cc000,2,0x35ffffaac80a7e69,0x35ffffaac80a7e69,YES
0x1cc000,3,0x386b694a9103016b,0x386b694a9103016b,YES
0x1cc000,4,0x17ffffe62a080120,0x17ffffe62a080120,YES
0x1cc000,5,0xa94657f6a9474ff4,0xa94657f6a9474ff4,YES
0x1cc000,6,0xa9be7bfdd503233f,0xa9be7bfdd503233f,YES
0x1cc000,7,0xf9800271d503249f,0xf9800271d503249f,YES
0x1d0000,0,0x6ea682346ea48233,0x6ea682346ea48233,YES
0x1d0000,1,0x1a8800001a840063,0x1a8800001a840063,YES
0x1d0000,2,0xd65f03c054ffff61,0xd65f03c054ffff61,YES
0x1d0000,3,0x780024c391000821,0x780024c391000821,YES
0x1d0000,4,0xf2402c1f91020021,0xf2402c1f91020021,YES
0x1d0000,5,0xa8c12829a8c12027,0xa8c12829a8c12027,YES
0x1d0000,6,0x54fffe816b05007f,0x54fffe816b05007f,YES
0x1d0000,7,0xa97f1c86a93f1ca6,0xa97f1c86a93f1ca6,YES
0x1d4000,0,0x4e284a604e286800,0x4e284a604e286800,YES
0x1d4000,1,0xd503245f6e080602,0xd503245f6e080602,YES
0x1d4000,2,0x4a1903132a130231,0x4a1903132a130231,YES
0x1d4000,3,0x2a1302310b0d0339,0x2a1302310b0d0339,YES
0x1d4000,4,0x4ad559514a160273,0x4ad559514a160273,YES
0x1d4000,5,0x0b1303180b180294,0x0b1303180b180294,YES
0x1d4000,6,0x0b00016b0b110294,0x0b00016b0b110294,YES
0x1d4000,7,0x0b1302f713941a90,0x0b1302f713941a90,YES
0x1d8000,0,0xd10083ffd503221f,0xd10083ffd503221f,YES
0x1d8000,1,0xd10083ffd503221f,0xd10083ffd503221f,YES
0x1d8000,2,0xd10083ffd503221f,0xd10083ffd503221f,YES
0x1d8000,3,0xd10083ffd503221f,0xd10083ffd503221f,YES
0x1d8000,4,0xd503201fd50330ff,0xd503201fd50330ff,YES
0x1d8000,5,0x5e28098d4ea28544,0x5e28098d4ea28544,YES
0x1d8000,6,0x5e1653595e164338,0x5e1653595e164338,YES
0x1d8000,7,0x4ee584216e004047,0x4ee584216e004047,YES
0x1dc000,0,0xffffffc008010800,0xffffffc008010800,YES
0x1dc000,1,0xd5181000b2610000,0xd5181000b2610000,YES
0x1dc000,2,0xd5182137d5182116,0xd5182137d5182116,YES
0x1dc000,3,0x0000000000000000,0x0000000000000000,YES
0x1dc000,4,0xf2503ebfd5382015,0xf2503ebfd5382015,YES
0x1dc000,5,0xad431c06ad421404,0xad431c06ad421404,YES
0x1dc000,6,0x85bf040985bf0008,0x85bf040985bf0008,YES
0x1dc000,7,0xd503245fd65f03c0,0xd503245fd65f03c0,YES
0x1e0000,0,0xa9bd7bfdd503233f,0xa9bd7bfdd503233f,YES
0x1e0000,1,0x9405627291387c00,0x9405627291351c00,NO
0x1e0000,2,0x0000000000000000,0x0000000000000000,YES
0x1e0000,3,0x0000000000000000,0x0000000000000000,YES
0x1e0000,4,0x8b2063ffd10943ff,0x8b2063ffd10943ff,YES
0x1e0000,5,0x8b2063ffd10943ff,0x8b2063ffd10943ff,YES
0x1e0000,6,0xd53bd07e14000003,0xd53bd07e14000003,YES
0x1e0000,7,0xaa1f03fe14000002,0xaa1f03fe14000002,YES
0x1e4000,0,0xd503201fd503201f,0xd503201fd503201f,YES
0x1e4000,1,0xd503201fd503201f,0xd503201fd503201f,YES
0x1e4000,2,0xd503201fd503201f,0xd503201fd503201f,YES
0x1e4000,3,0xd503201fd503201f,0xd503201fd503201f,YES
0x1e4000,4,0xd503201fd503201f,0xd503201fd503201f,YES
0x1e4000,5,0xd503201fd503201f,0xd503201fd503201f,YES
0x1e4000,6,0xd503201fd503201f,0xd503201fd503201f,YES
0x1e4000,7,0xd503201fd503201f,0xd503201fd503201f,YES
0x1e8000,0,0xd503201fd503201f,0xd503201fd503201f,YES
0x1e8000,1,0xd503201fd503201f,0xd503201fd503201f,YES
0x1e8000,2,0xd503201fd503201f,0xd503201fd503201f,YES
0x1e8000,3,0xd503201fd503201f,0xd503201fd503201f,YES
0x1e8000,4,0xd503201fd503201f,0xd503201fd503201f,YES
0x1e8000,5,0xd503201fd503201f,0xd503201fd503201f,YES
0x1e8000,6,0xd503201fd503201f,0xd503201fd503201f,YES
0x1e8000,7,0xd503201fd503201f,0xd503201fd503201f,YES
0x1ec000,0,0xd503201fd503201f,0xd503201fd503201f,YES
0x1ec000,1,0xd503201fd503201f,0xd503201fd503201f,YES
0x1ec000,2,0xd503201fd503201f,0xd503201fd503201f,YES
0x1ec000,3,0xd503201fd503201f,0xd503201fd503201f,YES
0x1ec000,4,0xd503201fd503201f,0xd503201fd503201f,YES
0x1ec000,5,0xd503201fd503201f,0xd503201fd503201f,YES
0x1ec000,6,0xd503201fd503201f,0xd503201fd503201f,YES
0x1ec000,7,0xd503201fd503201f,0xd503201fd503201f,YES
0x1f0000,0,0x1487bffffa405a4d,0x1487bffffa405a4d,YES
0x1f0000,1,0xd503201fd503201f,0xd503201fd503201f,YES
0x1f0000,2,0xd503201fd503201f,0xd503201fd503201f,YES
0x1f0000,3,0xd503201fd503201f,0xd503201fd503201f,YES
0x1f0000,4,0xd503201fd503201f,0xd503201fd503201f,YES
0x1f0000,5,0xd503201fd503201f,0xd503201fd503201f,YES
0x1f0000,6,0xd503201fd503201f,0xd503201fd503201f,YES
0x1f0000,7,0xd503201fd503201f,0xd503201fd503201f,YES
